[
  {
    "name": "Chozo Artifacts",
    "type": "consumable",
    "img": "images/artifacts.png",
    "max_quantity": 12,
    "codes": "artifact,artifacts,art,arts,chozoartifact,chozoartifacts"
  },
  {
    "name": "Chozo Artifacts (Broadcast View)",
    "type": "consumable",
    "img": "images/artifacts.png",
    "max_quantity": 12,
    "codes": "broadarts"
  },
  {
    "name": "Artifact of Truth",
    "type": "progressive",
    "loop": true,
    "allow_disabled": false,
    "mask_input": true,
    "stages": [
      {
        "img": "images/art_truth_blue.png"
      },
      {
        "img": "images/art_truth_orange.png",
        "codes": "truth,artifact1,art1,allartifacts"
      }
    ]
  },
  {
    "name": "Artifact of Strength",
    "type": "progressive",
    "loop": true,
    "allow_disabled": false,
    "mask_input": true,
    "stages": [
      {
        "img": "images/art_strength_blue.png"
      },
      {
        "img": "images/art_strength_orange.png",
        "codes": "strength,artifact2,art2,allartifacts"
      }
    ]
  },
  {
    "name": "Artifact of Elder",
    "type": "progressive",
    "loop": true,
    "allow_disabled": false,
    "mask_input": true,
    "stages": [
      {
        "img": "images/art_elder_blue.png"
      },
      {
        "img": "images/art_elder_orange.png",
        "codes": "elder,artifact3,art3,allartifacts"
      }
    ]
  },
  {
    "name": "Artifact of Wild",
    "type": "progressive",
    "loop": true,
    "allow_disabled": false,
    "mask_input": true,
    "stages": [
      {
        "img": "images/art_wild_blue.png"
      },
      {
        "img": "images/art_wild_orange.png",
        "codes": "wild,artifact4,art4,allartifacts"
      }
    ]
  },
  {
    "name": "Artifact of Lifegiver",
    "type": "progressive",
    "loop": true,
    "allow_disabled": false,
    "mask_input": true,
    "stages": [
      {
        "img": "images/art_lifegiver_blue.png"
      },
      {
        "img": "images/art_lifegiver_orange.png",
        "codes": "lifegiver,artifact5,art5,allartifacts"
      }
    ]
  },
  {
    "name": "Artifact of Warrior",
    "type": "progressive",
    "loop": true,
    "allow_disabled": false,
    "mask_input": true,
    "stages": [
      {
        "img": "images/art_warrior_blue.png"
      },
      {
        "img": "images/art_warrior_orange.png",
        "codes": "warrior,artifact6,art6,allartifacts"
      }
    ]
  },
  {
    "name": "Artifact of Chozo",
    "type": "progressive",
    "loop": true,
    "allow_disabled": false,
    "mask_input": true,
    "stages": [
      {
        "img": "images/art_chozo_blue.png"
      },
      {
        "img": "images/art_chozo_orange.png",
        "codes": "chozo,artifact7,art7,allartifacts"
      }
    ]
  },
  {
    "name": "Artifact of Nature",
    "type": "progressive",
    "loop": true,
    "allow_disabled": false,
    "mask_input": true,
    "stages": [
      {
        "img": "images/art_nature_blue.png"
      },
      {
        "img": "images/art_nature_orange.png",
        "codes": "nature,artifact8,art8,allartifacts"
      }
    ]
  },
  {
    "name": "Artifact of Sun",
    "type": "progressive",
    "loop": true,
    "allow_disabled": false,
    "mask_input": true,
    "stages": [
      {
        "img": "images/art_sun_blue.png"
      },
      {
        "img": "images/art_sun_orange.png",
        "codes": "sun,artifact9,art9,allartifacts"
      }
    ]
  },
  {
    "name": "Artifact of World",
    "type": "progressive",
    "loop": true,
    "allow_disabled": false,
    "mask_input": true,
    "stages": [
      {
        "img": "images/art_world_blue.png"
      },
      {
        "img": "images/art_world_orange.png",
        "codes": "world,artifact10,art10,allartifacts"
      }
    ]
  },
  {
    "name": "Artifact of Spirit",
    "type": "progressive",
    "loop": true,
    "allow_disabled": false,
    "mask_input": true,
    "stages": [
      {
        "img": "images/art_spirit_blue.png"
      },
      {
        "img": "images/art_spirit_orange.png",
        "codes": "spirit,artifact11,art11,allartifacts"
      }
    ]
  },
  {
    "name": "Artifact of Newborn",
    "type": "progressive",
    "loop": true,
    "allow_disabled": false,
    "mask_input": true,
    "stages": [
      {
        "img": "images/art_newborn_blue.png"
      },
      {
        "img": "images/art_newborn_orange.png",
        "codes": "newborn,artifact12,art12,allartifacts"
      }
    ]
  }
]
