[
  {
    "name": "Charge Beam",
    "type": "toggle",
    "loop": true,
    "img": "images/charge.png",
    "codes": "charge,chargebeam"
  },
  {
    "name": "Wave Beam",
    "type": "toggle",
    "loop": true,
    "img": "images/wave.png",
    "codes": "wave,wavebeam"
  },
  {
    "name": "Ice Beam",
    "type": "toggle",
    "loop": true,
    "img": "images/ice.png",
    "codes": "ice,icebeam"
  },
  {
    "name": "Plasma Beam",
    "type": "toggle",
    "loop": true,
    "img": "images/plasma.png",
    "codes": "plasma,plasmabeam"
  },
  {
    "name": "Super Missile",
    "type": "toggle",
    "loop": true,
    "img": "images/super.png",
    "codes": "superitem,super,supermissile,supermissiles,chargecombo"
  },
  {
    "name": "Wave Buster",
    "type": "toggle",
    "loop": true,
    "img": "images/wavebuster.png",
    "codes": "busteritem,buster,wavebuster,wavecombo"
  },
  {
    "name": "Ice Spreader",
    "type": "toggle",
    "loop": true,
    "img": "images/icespreader.png",
    "codes": "spreaderitem,spreader,icespreader,icecombo"
  },
  {
    "name": "Flamethrower",
    "type": "toggle",
    "loop": true,
    "img": "images/flamethrower.png",
    "codes": "flameitem,flamethrower,flame,plasmacombo"
  },
  {
    "name": "Super Badge",
    "type": "toggle_badged",
    "base_item": "charge",
    "img": "images/badge_super.png",
    "codes": "superbadge,super,supermissile,supermissiles,chargecombo"
  },
  {
    "name": "Buster Badge",
    "type": "toggle_badged",
    "base_item": "wave",
    "img": "images/badge_buster.png",
    "codes": "busterbadge,buster,wavebuster,wavecombo"
  },
  {
    "name": "Spreader Badge",
    "type": "toggle_badged",
    "base_item": "ice",
    "img": "images/badge_spreader.png",
    "codes": "spreaderbadge,spreader,icespreader,icecombo"
  },
  {
    "name": "Flamethrower Badge",
    "type": "toggle_badged",
    "base_item": "plasma",
    "img": "images/badge_flamethrower.png",
    "codes": "flamebadge,flamethrower,flame,plasmacombo"
  },
  {
    "name": "Grapple Beam",
    "type": "toggle",
    "loop": true,
    "img": "images/grapple.png",
    "codes": "grapple,grapplebeam"
  },
  {
    "name": "Varia Suit",
    "type": "toggle",
    "loop": true,
    "img": "images/varia.png",
    "codes": "varia,variasuit"
  },
  {
    "name": "Gravity Suit",
    "type": "toggle",
    "loop": true,
    "img": "images/gravity.png",
    "codes": "gravity,gravitysuit,gravityitem"
  },
  {
    "name": "Phazon Suit",
    "type": "toggle",
    "loop": true,
    "img": "images/phazon.png",
    "codes": "phazon,phazonsuit"
  },
  {
    "name": "Morph Ball",
    "type": "toggle",
    "loop": true,
    "img": "images/morph.png",
    "codes": "morph,morphball"
  },
  {
    "name": "Bomb",
    "type": "toggle",
    "loop": true,
    "img": "images/bomb.png",
    "codes": "bomb,bombs"
  },
  {
    "name": "Boost Ball",
    "type": "toggle",
    "loop": true,
    "img": "images/boost.png",
    "codes": "boost,boostball"
  },
  {
    "name": "Spider Ball",
    "type": "toggle",
    "loop": true,
    "img": "images/spider.png",
    "codes": "spider,spiderball"
  },
  {
    "name": "Space Jump Boots",
    "type": "toggle",
    "loop": true,
    "img": "images/space.png",
    "codes": "space,spacejump,spacejumpboots"
  },
  {
    "name": "Thermal Visor",
    "type": "toggle",
    "loop": true,
    "img": "images/thermal.png",
    "codes": "thermal,thermalvisor"
  },
  {
    "name": "X-Ray Visor",
    "type": "toggle",
    "loop": true,
    "img": "images/xray.png",
    "codes": "xray,xrayvisor"
  },
  {
    "name": "E-Tanks",
    "type": "consumable",
    "img": "images/etank.png",
    "max_quantity": 14,
    "codes": "etank,etanks"
  },
  {
    "name": "Missile Capacity",
    "type": "consumable",
    "img": "images/missile.png",
    "max_quantity": 250,
    "increment": 5,
    "codes": "missile,missiles"
  },
  {
    "name": "Power Bomb Capacity",
    "type": "consumable",
    "img": "images/powerbomb.png",
    "max_quantity": 8,
    "codes": "powerbomb,powerbombs,pb,pbs"
  }
]