[
  {
    "name": "Charge Beam",
    "type": "toggle",
    "loop": "true",
    "img": "images/charge.png",
    "codes": "charge"
  },
  {
    "name": "Ice Beam",
    "type": "toggle",
    "loop": "true",
    "img": "images/ice.png",
    "codes": "ice"
  },
  {
    "name": "Wave Beam",
    "type": "toggle",
    "loop": "true",
    "img": "images/wave.png",
    "codes": "wave"
  },
  {
    "name": "Spazer Beam",
    "type": "toggle",
    "loop": "true",
    "img": "images/spazer.png",
    "codes": "spazer"
  },
  {
    "name": "Plasma Beam",
    "type": "toggle",
    "loop": "true",
    "img": "images/plasma.png",
    "codes": "plasma"
  },
  {
    "name": "Varia Suit",
    "type": "toggle",
    "loop": "true",
    "img": "images/varia.png",
    "codes": "varia"
  },
  {
    "name": "Gravity Suit",
    "type": "toggle",
    "loop": "true",
    "img": "images/gravity.png",
    "codes": "gravity"
  },
  {
    "name": "Morph Ball",
    "type": "toggle",
    "loop": "true",
    "img": "images/morph.png",
    "codes": "morph"
  },
  {
    "name": "Bomb",
    "type": "toggle",
    "loop": "true",
    "img": "images/bomb.png",
    "codes": "bomb"
  },
  {
    "name": "Spring Ball",
    "type": "toggle",
    "loop": "true",
    "img": "images/springball.png",
    "codes": "spring"
  },
  {
    "name": "Screw Attack",
    "type": "toggle",
    "loop": "true",
    "img": "images/screw.png",
    "codes": "screw"
  },
  {
    "name": "High Jump",
    "type": "toggle",
    "loop": "true",
    "img": "images/hijump.png",
    "codes": "hijump"
  },
  {
    "name": "Space Jump",
    "type": "toggle",
    "loop": "true",
    "img": "images/space.png",
    "codes": "space"
  },
  {
    "name": "Speed Booster",
    "type": "toggle",
    "loop": "true",
    "img": "images/speed.png",
    "codes": "speed"
  },
  {
    "name": "Grapple",
    "type": "toggle",
    "loop": "true",
    "img": "images/grapple.png",
    "codes": "grapple"
  },
  {
    "name": "Xray",
    "type": "toggle",
    "loop": "true",
    "img": "images/xray.png",
    "codes": "xray"
  },
  {
    "name": "Ridley",
    "type": "toggle",
    "loop": "true",
    "img": "images/Boss1.png",
    "codes": "ridley"
  },
  {
    "name": "Kraid",
    "type": "toggle",
    "loop": "true",
    "img": "images/Boss2.png",
    "codes": "kraid"
  },
  {
    "name": "Phantoon",
    "type": "toggle",
    "loop": "true",
    "img": "images/Boss3.png",
    "codes": "phantoon"
  },
  {
    "name": "Draygon",
    "type": "toggle",
    "loop": "true",
    "img": "images/Boss4.png",
    "codes": "draygon"
  },
  {
    "name": "Etanks",
	"type": "consumable",
	"img": "images/etank.png",
	"max_quantity": 14,
	"codes": "etank,alltanks"
  },
  {
    "name": "Reserve Tanks",
	"type": "consumable",
	"img": "images/reservetank.png",
	"max_quantity": 4,
	"codes": "reservetank,alltanks"
  },
  {
    "name": "Missile Capacity",
    "type": "progressive",
    "allow_disabled": "false",
    "stages": [
      {
        "img": "images/vertMiss00.png",
        "img_mods": "@disabled"
      },
      {
        "img": "images/vertMiss05.png",
        "codes": "missile"
      },
      {
        "img": "images/vertMiss10.png",
		"codes": "missile2"
      },
      {
        "img": "images/vertMiss15.png"
      },
      {
        "img": "images/vertMiss20.png"
      },
      {
        "img": "images/vertMiss25.png"
      },
      {
        "img": "images/vertMiss30.png"
      },
      {
        "img": "images/vertMiss35.png"
      },
      {
        "img": "images/vertMiss40.png"
      },
      {
        "img": "images/vertMiss45.png"
      },
      {
        "img": "images/vertMiss50.png"
      },
      {
        "img": "images/vertMiss55.png"
      },
      {
        "img": "images/vertMiss60.png"
      },
      {
        "img": "images/vertMiss65.png"
      },
      {
        "img": "images/vertMiss70.png"
      },
      {
        "img": "images/vertMiss75.png"
      },
      {
        "img": "images/vertMiss80.png"
      },
      {
        "img": "images/vertMiss85.png"
      },
      {
        "img": "images/vertMiss90.png"
      },
      {
        "img": "images/vertMiss95.png"
      },
      {
        "img": "images/vertMiss100.png"
      },
      {
        "img": "images/vertMiss105.png"
      },
      {
        "img": "images/vertMiss110.png"
      },
      {
        "img": "images/vertMiss115.png"
      },
      {
        "img": "images/vertMiss120.png"
      },
      {
        "img": "images/vertMiss125.png"
      },
      {
        "img": "images/vertMiss130.png"
      },
      {
        "img": "images/vertMiss135.png"
      },
      {
        "img": "images/vertMiss140.png"
      },
      {
        "img": "images/vertMiss145.png"
      },
      {
        "img": "images/vertMiss150.png"
      },
      {
        "img": "images/vertMiss155.png"
      },
      {
        "img": "images/vertMiss160.png"
      },
      {
        "img": "images/vertMiss165.png"
      },
      {
        "img": "images/vertMiss170.png"
      },
      {
        "img": "images/vertMiss175.png"
      },
      {
        "img": "images/vertMiss180.png"
      },
      {
        "img": "images/vertMiss185.png"
      },
      {
        "img": "images/vertMiss190.png"
      },
      {
        "img": "images/vertMiss195.png"
      }
    ]
  },
  {
    "name": "Super Missile Capacity",
    "type": "progressive",
    "allow_disabled": "false",
    "stages": [
      {
        "img": "images/vertSuMi00.png",
        "img_mods": "@disabled"
      },
      {
        "img": "images/vertSuMi05.png",
        "codes": "supermissile,super"
      },
      {
        "img": "images/vertSuMi10.png",
		"codes": "supermissile2,super2"
      },
      {
        "img": "images/vertSuMi15.png"
      },
      {
        "img": "images/vertSuMi20.png"
      },
      {
        "img": "images/vertSuMi25.png"
      },
      {
        "img": "images/vertSuMi30.png"
      },
      {
        "img": "images/vertSuMi35.png"
      },
      {
        "img": "images/vertSuMi40.png"
      },
      {
        "img": "images/vertSuMi45.png"
      },
      {
        "img": "images/vertSuMi50.png"
      }
    ]
  },
  {
    "name": "Power Bomb Capacity",
    "type": "progressive",
    "allow_disabled": "false",
    "stages": [
      {
        "img": "images/vertBomb00.png",
        "img_mods": "@disabled"
      },
      {
        "img": "images/vertBomb05.png",
        "codes": "powerbomb"
      },
      {
        "img": "images/vertBomb10.png",
		"codes": "powerbomb2"
      },
      {
        "img": "images/vertBomb15.png",
		"codes": "powerbomb3"
      },
      {
        "img": "images/vertBomb20.png"
      },
      {
        "img": "images/vertBomb25.png"
      },
      {
        "img": "images/vertBomb30.png"
      },
      {
        "img": "images/vertBomb35.png"
      },
      {
        "img": "images/vertBomb40.png"
      },
      {
        "img": "images/vertBomb45.png"
      },
      {
        "img": "images/vertBomb50.png"
      }
    ]
  }
]