[
  {
    "name": "Difficulty",
    "type": "progressive",
    "allow_disabled": "false",
    "loop": "true",
    "stages": [
      {
        "name": "Tournament",
        "img": "images/diff_tournament.png",
        "inherit_codes": "false",
        "codes": "difficulty,tournament,notopen"
      },
      {
        "name": "Casual",
        "img": "images/diff_casual.png",
        "inherit_codes": "false",
        "codes": "casual,notopen"
      },
      {
        "name": "Normal",
        "img": "images/diff_normal.png",
        "inherit_codes": "false",
        "codes": "normal,notopen"
      },
      {
        "name": "Hard",
        "img": "images/diff_hard.png",
        "inherit_codes": "false",
        "codes": "hard,notopen"
      },
      {
        "name": "Open",
        "img": "images/diff_open.png",
        "inherit_codes": "false",
        "codes": "open"
      },
      {
        "name": "Full",
        "img": "images/diff_full.png",
        "inherit_codes": "false",
        "codes": "tournament,notopen"
      }
    ]
  },
  {
    "name": "Charge Beam",
    "type": "toggle",
    "loop": "true",
    "img": "images/charge.png",
    "codes": "charge"
  },
  {
    "name": "Ice Beam",
    "type": "toggle",
    "loop": "true",
    "img": "images/ice.png",
    "codes": "ice"
  },
  {
    "name": "Wave Beam",
    "type": "toggle",
    "loop": "true",
    "img": "images/wave.png",
    "codes": "wave"
  },
  {
    "name": "Spazer Beam",
    "type": "toggle",
    "loop": "true",
    "img": "images/spazer.png",
    "codes": "spazer"
  },
  {
    "name": "Plasma Beam",
    "type": "toggle",
    "loop": "true",
    "img": "images/plasma.png",
    "codes": "plasma"
  },
  {
    "name": "Varia Suit",
    "type": "toggle",
    "loop": "true",
    "img": "images/varia.png",
    "codes": "varia"
  },
  {
    "name": "Gravity Suit",
    "type": "toggle",
    "loop": "true",
    "img": "images/gravity.png",
    "codes": "gravity"
  },
  {
    "name": "Morph Ball",
    "type": "toggle",
    "loop": "true",
    "img": "images/morph.png",
    "codes": "morph"
  },
  {
    "name": "Bomb",
    "type": "toggle",
    "loop": "true",
    "img": "images/bomb.png",
    "codes": "bomb"
  },
  {
    "name": "Spring Ball",
    "type": "toggle",
    "loop": "true",
    "img": "images/springball.png",
    "codes": "spring"
  },
  {
    "name": "Screw Attack",
    "type": "toggle",
    "loop": "true",
    "img": "images/screw.png",
    "codes": "screw"
  },
  {
    "name": "High Jump",
    "type": "toggle",
    "loop": "true",
    "img": "images/hijump.png",
    "codes": "hijump"
  },
  {
    "name": "Space Jump",
    "type": "toggle",
    "loop": "true",
    "img": "images/space.png",
    "codes": "space"
  },
  {
    "name": "Speed Booster",
    "type": "toggle",
    "loop": "true",
    "img": "images/speed.png",
    "codes": "speed"
  },
  {
    "name": "Grapple",
    "type": "toggle",
    "loop": "true",
    "img": "images/grapple.png",
    "codes": "grapple"
  },
  {
    "name": "Xray",
    "type": "toggle",
    "loop": "true",
    "img": "images/xray.png",
    "codes": "xray"
  },
  {
    "name": "Ridley",
    "type": "progressive",
    "allow_disabled": "false",
    "loop": "true",
    "stages": [
      {
        "img": "images/Boss1.png"
      },
      {
        "img": "images/Boss1.png",
        "img_mods": "@disabled",
        "codes": "ridley,g4"
      }
    ]
  },
  {
    "name": "Kraid",
    "type": "progressive",
    "allow_disabled": "false",
    "loop": "true",
    "stages": [
      {
        "img": "images/Boss2.png"
      },
      {
        "img": "images/Boss2.png",
        "img_mods": "@disabled",
        "codes": "kraid,g4"
      }
    ]
  },
  {
    "name": "Phantoon",
    "type": "progressive",
    "allow_disabled": "false",
    "loop": "true",
    "stages": [
      {
        "img": "images/Boss3.png"
      },
      {
        "img": "images/Boss3.png",
        "img_mods": "@disabled",
        "codes": "phantoon,g4"
      }
    ]
  },
  {
    "name": "Draygon",
    "type": "progressive",
    "allow_disabled": "false",
    "loop": "true",
    "stages": [
      {
        "img": "images/Boss4.png"
      },
      {
        "img": "images/Boss4.png",
        "img_mods": "@disabled",
        "codes": "draygon,g4"
      }
    ]
  },
  {
    "name": "Etanks",
    "type": "consumable",
    "img": "images/etank.png",
    "max_quantity": 14,
    "codes": "etank,alltanks"
  },
  {
    "name": "Reserve Tanks",
    "type": "consumable",
    "img": "images/reservetank.png",
    "max_quantity": 4,
    "codes": "reservetank,alltanks"
  },
  {
    "name": "Missile Capacity",
    "type": "consumable",
    "img": "images/missile.png",
    "max_quantity": 255,
    "increment": 5,
    "codes": "missile"
  },
  {
    "name": "Super Missile Capacity",
    "type": "consumable",
    "img": "images/super.png",
    "max_quantity": 100,
    "increment": 5,
    "codes": "supermissile,super"
  },
  {
    "name": "Power Bomb Capacity",
    "type": "consumable",
    "img": "images/powerbomb.png",
    "max_quantity": 100,
    "increment": 5,
    "codes": "powerbomb,pb"
  }
]