[
  {
    "name": "fullmap",
	"location_size": 40,
	"location_border_thickness": 5,
	"img": "images/map_full.png"
  },
  {
    "name": "crateriamap",
	"location_size": 40,
	"location_border_thickness": 5,
	"img": "images/map_crateria.png"
  },
  {
    "name": "brinstarmap",
	"location_size": 40,
	"location_border_thickness": 5,
	"img": "images/map_brinstar.png"
  },
  {
    "name": "norfairmap",
	"location_size": 40,
	"location_border_thickness": 5,
	"img": "images/map_norfair.png"
  },
  {
    "name": "wreckedshipmap",
	"location_size": 40,
	"location_border_thickness": 5,
	"img": "images/map_ws.png"
  },
  {
    "name": "maridiamap",
	"location_size": 40,
	"location_border_thickness": 5,
	"img": "images/map_maridia.png"
  }
]