[
  {
    "name": "Tallon Overworld",
    "color": "#316534",
    "children": [
      {
        "name": "Landing Site",
        "access_rules": [
          // Developer intended
          "morph",

          // Visibility
          "{$disabled|r_obfuscate}",

          // Hint from Artifact Temple
          // Included for all non-immediate checks
          "{artifactcheck}"
        ],
        "sections": [
          {
            "name": "Missile",
            "item_count": 1,
            "capture_item": true
          }
        ],
        "map_locations": [
          {
            "map": "tallonoverworld",
            "x": 570,
            "y": 460
          }
        ]
      },
      {
        "name": "Alcove",
        "access_rules": [
          // Developer intended
          "@can/bomb,boost",
          "space",

          // ESJ scandash
          "@set/t_scandash",

          // DBJ off ship
          "@set/t_terrain,@set/t_dbj,@can/bomb",

          "{artifactcheck}"
        ],
        "sections": [
          {
            "name": "Space Jump",
            "item_count": 1,
            "capture_item": true
          }
        ],
        "map_locations": [
          {
            "map": "tallonoverworld",
            "x": 630,
            "y": 380
          }
        ]
      },
      {
        "name": "Artifact Temple",
        "access_rules": [
          // Developer intended
          "missile"
        ],
        "sections": [
          {
            "name": "Artifact of Truth",
            "item_count": 1,
            "capture_item": true
          }
        ],
        "map_locations": [
          {
            "map": "tallonoverworld",
            "x": 565,
            "y": 1040
          }
        ]
      },
      {
        "name": "Root Cave",
        "access_rules": [
          // Developer intended
          "missile,space,grapple,@can/pass xray",

          // Dash instead of grapple
          "@set/t_dash,missile,space,@can/pass xray",

          "{artifactcheck}"
        ],
        "sections": [
          {
            "name": "Missile",
            "item_count": 1,
            "capture_item": true
          }
        ],
        "map_locations": [
          {
            "map": "tallonoverworld",
            "x": 135,
            "y": 585
          }
        ]
      },
      {
        "name": "Arbor Chamber",
        "access_rules": [
          // Developer intended
          "missile,space,plasma,grapple,@can/pass xray",

          // Dash to skip grapple
          "@set/t_dash,missile,space,plasma,@can/pass xray",

          // Wallcrawl from rootcave
          "@set/oob_rootcave,@can/wallcrawl,missile,space,grapple,@can/pass xray",
          "@set/oob_rootcave,@can/wallcrawl,@set/t_dash,missile,space,@can/pass xray",

          "{artifactcheck}"
        ],
        "sections": [
          {
            "name": "Missile",
            "item_count": 1,
            "capture_item": true
          }
        ],
        "map_locations": [
          {
            "map": "tallonoverworld",
            "x": 35,
            "y": 560
          }
        ]
      },
      {
        "name": "Transport Tunnel B",
        "access_rules": [
          // Developer intended
          "missile",

          "{artifactcheck}"
        ],
        "sections": [
          {
            "name": "Missile",
            "item_count": 1,
            "capture_item": true
          }
        ],
        "map_locations": [
          {
            "map": "tallonoverworld",
            "x": 135,
            "y": 695
          }
        ]
      },
      {
        "name": "Frigate Crash Site",
        "access_rules": [
          // Developer intended
          "missile,morph,space,gravity",

          // Scan dash from shore
          "@set/t_dash,missile,morph",

          // Underwater ghetto jump
          "@set/t_ghetto,morph,space,$missing|gravity",

          // Visibility
          "{$disabled|r_obfuscate,missile,morph}",

          "{artifactcheck}"
        ],
        "sections": [
          {
            "name": "Missile",
            "item_count": 1,
            "capture_item": true
          }
        ],
        "map_locations": [
          {
            "map": "tallonoverworld",
            "x": 915,
            "y": 345
          }
        ]
      },
      {
        "name": "Overgrown Cavern",
        "access_rules": [
          // Through late Chozo, includes glitchless
          "@reqs/reflecting pool,@can/bomb,ice",

          // Climbing Frigate Crash Site
          "@can/climb frigate crash site",
          
          "{artifactcheck}"
        ],
        "sections": [
          {
            "name": "Missile",
            "item_count": 1,
            "capture_item": true
          }
        ],
        "map_locations": [
          {
            "map": "tallonoverworld",
            "x": 967,
            "y": 155
          }
        ]
      },
      {
        "name": "Cargo Freight Lift to Deck Gamma",
        "color": "#525252",
        "access_rules": [
          // Frigate with no extra reqs
          "@reqs/frigate",

          "{artifactcheck}"
        ],
        "sections": [
          {
            "name": "E-Tank",
            "item_count": 1,
            "capture_item": true
          }
        ],
        "map_locations": [
          {
            "map": "tallonoverworld",
            "x": 1090,
            "y": 520
          }
        ]
      },
      {
        "name": "Biohazard Containment",
        "color": "#525252",
        "access_rules": [
          // Frigate with supers
          "@reqs/frigate,@can/super",

          "{artifactcheck}"
        ],
        "sections": [
          {
            "name": "Missile",
            "item_count": 1,
            "capture_item": true
          }
        ],
        "map_locations": [
          {
            "map": "tallonoverworld",
            "x": 909,
            "y": 700
          }
        ]
      },
      {
        "name": "Hydro Access Tunnel",
        "color": "#525252",
        "access_rules": [
          // Normal path
          "@reqs/frigate,@can/bomb",

          // Bars skip
          "@set/t_barsskip,@reqs/reflecting pool,@can/bomb,gravity,ice,space",

          "{artifactcheck}"
        ],
        "sections": [
          {
            "name": "E-Tank",
            "item_count": 1,
            "capture_item": true
          }
        ],
        "map_locations": [
          {
            "map": "tallonoverworld",
            "x": 1030,
            "y": 890
          }
        ]
      },
      {
        "name": "Great Tree Chamber",
        "access_rules": [
          // Through late Chozo
          "@can/pass xray,ice,space,@reqs/reflecting pool",

          // Through Frigate
          "@can/pass xray,ice,space,@reqs/frigate,@can/bomb,boost",
          // With reverse bars skip
          "@can/pass xray,ice,space,@reqs/frigate,@can/bomb,@set/t_barsskip",

          "{artifactcheck}"
        ],
        "sections": [
          {
            "name": "Missile",
            "item_count": 1,
            "capture_item": true
          }
        ],
        "map_locations": [
          {
            "map": "tallonoverworld",
            "x": 1241,
            "y": 872
          }
        ]
      },
      {
        "name": "Life Grove Tunnel",
        "access_rules": [
          // Developer intended
          // Through late Chozo
          "@can/bomb,pb,ice,space,spider,boost,@reqs/reflecting pool",
          // Through Frigate
          "@can/bomb,pb,ice,space,spider,boost,@reqs/frigate",

          // Skipping boost
          "@set/t_barsskip,@set/t_halfpipebj,@can/bomb,pb,ice,space,spider,@reqs/reflecting pool",
          "@set/t_barsskip,@set/t_halfpipebj,@can/bomb,pb,ice,space,spider,@reqs/frigate",

          // Skipping spider tracks
          "@set/t_terrain,@can/bomb,pb,ice,space,boost,@reqs/reflecting pool",
          "@set/t_terrain,@can/bomb,pb,ice,space,boost,@reqs/frigate",

          // Max skips
          "@set/t_barsskip,@set/t_halfpipebj,@set/t_terrain,@can/bomb,pb,ice,space,@reqs/reflecting pool",
          "@set/t_barsskip,@set/t_halfpipebj,@set/t_terrain,@can/bomb,pb,ice,space,@reqs/frigate",

          "{artifactcheck}"
        ],
        "sections": [
          {
            "name": "Missile",
            "item_count": 1,
            "capture_item": true
          }
        ],
        "map_locations": [
          {
            "map": "tallonoverworld",
            "x": 1152,
            "y": 1000
          }
        ]
      },
      {
        "name": "Life Grove",
        "sections": [
          {
            "name": "X-Ray Visor",
            "access_rules": [
              // Developer intended
              // Through late Chozo
              "@can/bomb,pb,ice,space,spider,boost,@reqs/reflecting pool",
              // Through Frigate
              "@can/bomb,pb,ice,space,spider,boost,@reqs/frigate",

              // Skipping boost
              "@set/t_halfpipebj,@can/bomb,pb,ice,space,spider,@reqs/reflecting pool",
              "@set/t_halfpipebj,@can/bomb,pb,ice,space,spider,@reqs/frigate",

              // Skipping spider tracks
              "@set/t_terrain,@can/bomb,pb,ice,space,boost,@reqs/reflecting pool",
              "@set/t_terrain,@can/bomb,pb,ice,space,boost,@reqs/frigate",

              // Max skips
              "@set/t_halfpipebj,@set/t_terrain,@can/bomb,pb,ice,space,@reqs/reflecting pool",
              "@set/t_halfpipebj,@set/t_terrain,@can/bomb,pb,ice,space,@reqs/frigate",

              "{artifactcheck}"
            ],
            "item_count": 1,
            "capture_item": true
          },
          {
            "name": "Artifact of Chozo",
            "access_rules": [
              // Developer intended
              // Through late Chozo
              "@can/bomb,pb,ice,space,spider,boost,@reqs/reflecting pool",
              // Through Frigate
              "@can/bomb,pb,ice,space,spider,boost,@reqs/frigate",

              // Skipping boost
              "@set/t_noboostspinners,@set/t_halfpipebj,@can/bomb,pb,ice,space,spider,@reqs/reflecting pool",
              "@set/t_noboostspinners,@set/t_halfpipebj,@can/bomb,pb,ice,space,spider,@reqs/frigate",

              // Skipping spider tracks
              "@set/t_terrain,@can/bomb,pb,ice,space,boost,@reqs/reflecting pool",
              "@set/t_terrain,@can/bomb,pb,ice,space,boost,@reqs/frigate",

              // Max skips
              "@set/t_noboostspinners,@set/t_halfpipebj,@set/t_terrain,@can/bomb,pb,ice,space,@reqs/reflecting pool",
              "@set/t_noboostspinners,@set/t_halfpipebj,@set/t_terrain,@can/bomb,pb,ice,space,@reqs/frigate",

              "{artifactcheck}"
            ],
            "item_count": 1,
            "capture_item": true
          }
        ],
        "map_locations": [
          {
            "map": "tallonoverworld",
            "x": 1152,
            "y": 1100
          }
        ]
      }
    ]
  },
  {
    "name": "Chozo Ruins",
    "color": "#8c640f",
    "children": [
      {
        "name": "Main Plaza",
        "sections": [
          {
            "name": "Half-Pipe (Missile)",
            "access_rules": [
              // Developer intended
              "morph,boost",

              // Space jump from ledge, ghetto up ramp jump from above
              "space",

              // Half-pipe bomb jump
              "@set/t_halfpipebj,@can/bomb",

              // Visibility
              "{$disabled|r_obfuscate}",

              "{artifactcheck}"
            ],
            "item_count": 1,
            "capture_item": true
          },
          {
            "name": "Grapple Ledge (Missile)",
            "access_rules": [
              // Developer intended
              "@can/bomb,@has/heat shielding,missile,grapple,boost,wave",

              // Jump from tree and grapple
              "@set/t_terrain,grapple",

              // L jump from the ledge below
              "@set/t_ljump,space",

              // Dash from tree
              "@set/t_terrain,@set/t_dash,space",

              // Floaty jump
              "@can/floaty",

              // Visibility
              "{$disabled|r_obfuscate}",

              "{artifactcheck}"
            ],
            "item_count": 1,
            "capture_item": true
          },
          {
            "name": "Tree (Missile)",
            "access_rules": [
              // Developer intended
              "@can/super,@can/pass xray",

              // OoB with floaty
              "@set/oob_trainingchamber,@can/floaty",

              "{artifactcheck}"
            ],
            "item_count": 1,
            "capture_item": true
          },
          {
            "name": "Locked Door (E-Tank)",
            "access_rules": [
              // Developer intended
              "missile,morph",

              // L-jump
              "@set/t_ljump,space",

              // Visibility
              "{$disabled|r_obfuscate}",

              "{artifactcheck}"
            ],
            "item_count": 1,
            "capture_item": true
          }
        ],
        "map_locations": [
          {
            "map": "chozoruins",
            "x": 505,
            "y": 655
          }
        ]
      },
      {
        "name": "Ruined Fountain",
        "access_rules": [
          // Developer intended
          "@can/bomb,missile,spider",

          // Collision abuse
          "@set/t_terrain,@set/t_ljump,morph,missile,spider",

          // Visibility
          "{$disabled|r_obfuscate,missile,morph}",

          "{artifactcheck}"
        ],
        "sections": [
          {
            "name": "Missile",
            "item_count": 1,
            "capture_item": true
          }
        ],
        "map_locations": [
          {
            "map": "chozoruins",
            "x": 720,
            "y": 800
          }
        ]
      },
      {
        "name": "Ruined Shrine",
        "sections": [
          {
            "name": "Beetle Battle (Morph Ball)",
            "access_rules": [
              // Developer intended
              "missile,morph",

              // Developer intended, but later in the game
              "missile,space",

              // Dash off of something
              "@set/t_terrain,@set/t_dash,missile",

              // Access/visibility (safely visible, but softlock if collected and item does not meet reqs)
              "{$disabled|r_obfuscate,missile}",

              "{artifactcheck}"
            ],
            "item_count": 1,
            "capture_item": true
          },
          {
            "name": "Half-Pipe (Missile)",
            "access_rules": [
              // Developer intended
              "missile,morph,boost",

              // Space jump from branch
              "@set/t_terrain,missile,morph,space",

              // Ghetto jump off half-pipe
              "@set/t_ghetto,missile,morph,space",

              // Half-pipe bomb jump
              "@set/t_halfpipebj,missile,@can/bomb",

              "{artifactcheck}"
            ],
            "item_count": 1,
            "capture_item": true
          },
          {
            "name": "Lower Tunnel (Missile)",
            "access_rules": [
              // Developer intended
              "@can/bomb or pb,missile",

              "{artifactcheck}"
            ],
            "item_count": 1,
            "capture_item": true
          }
        ],
        "map_locations": [
          {
            "map": "chozoruins",
            "x": 207,
            "y": 707
          }
        ]
      },
      {
        "name": "Vault",
        "access_rules": [
          // Developer intended
          "@can/bomb,missile",

          // Visibility
          "{$disabled|r_obfuscate,missile,morph}",

          "{artifactcheck}"
        ],
        "sections": [
          {
            "name": "Missile",
            "item_count": 1,
            "capture_item": true
          }
        ],
        "map_locations": [
          {
            "map": "chozoruins",
            "x": 627,
            "y": 377
          }
        ]
      },
      {
        "name": "Training Chamber",
        "access_rules": [
          // Developer intended
          "@can/cross magma pool,@can/bomb,wave,boost,spider",

          // Training Chamber OoB
          // Access (softlock)
          "{@set/oob_trainingchamber,@can/wallcrawl,bomb}",
          // Escape through Wave door
          "@set/oob_trainingchamber,@can/wallcrawl,bomb,@can/cross magma pool,wave",
          // Escape through morph tunnel
          "@set/oob_trainingchamber,@can/wallcrawl,bomb,boost",

          "{artifactcheck}"
        ],
        "sections": [
          {
            "name": "E-Tank",
            "item_count": 1,
            "capture_item": true
          }
        ],
        "map_locations": [
          {
            "map": "chozoruins",
            "x": 560,
            "y": 1027
          }
        ]
      },
      {
        "name": "Training Chamber Access",
        "access_rules": [
          // Developer intended
          "@can/cross magma pool,@can/bomb,wave",

          // Training Chamber OoB
          // Access (softlock)
          "{@set/oob_trainingchamber,@can/wallcrawl,bomb}",
          // Escape through wave door
          "@set/oob_trainingchamber,@can/wallcrawl,bomb,@can/cross magma pool,wave",

          "{artifactcheck}"
        ],
        "sections": [
          {
            "name": "Missile",
            "item_count": 1,
            "capture_item": true
          }
        ],
        "map_locations": [
          {
            "map": "chozoruins",
            "x": 526,
            "y": 1075
          }
        ]
      },
      {
        "name": "Magma Pool",
        "access_rules": [
          // Developer intended
          "@can/cross magma pool,@can/pb",

          "{artifactcheck}"
        ],
        "sections": [
          {
            "name": "Power Bomb",
            "item_count": 1,
            "capture_item": true
          }
        ],
        "map_locations": [
          {
            "map": "chozoruins",
            "x": 632,
            "y": 1122
          }
        ]
      },
      {
        "name": "Tower of Light",
        "access_rules": [
          // Developer intended
          "@can/access tower of light,missile:40",

          // Dash up the tower
          "@set/t_dash,@set/t_terrain,@can/access tower of light",

          "{artifactcheck}"
        ],
        "sections": [
          {
            "name": "Wavebuster",
            "item_count": 1,
            "capture_item": true
          }
        ],
        "map_locations": [
          {
            "map": "chozoruins",
            "x": 60,
            "y": 780
          }
        ]
      },
      {
        "name": "Tower Chamber",
        "access_rules": [
          // Developer intended
          "@can/access tower of light,gravity",

          // Underwater ghetto jump
          "@set/t_ghetto,@can/access tower of light",

          "{artifactcheck}"
        ],
        "sections": [
          {
            "name": "Artifact of Lifegiver",
            "item_count": 1,
            "capture_item": true
          }
        ],
        "map_locations": [
          {
            "map": "chozoruins",
            "x": 60,
            "y": 900
          }
        ]
      },
      {
        "name": "Ruined Nursery",
        "access_rules": [
          // Developer intended
          "@can/bomb",

          // Visibility
          "{$disabled|r_obfuscate}",

          "{artifactcheck}"
        ],
        "sections": [
          {
            "name": "Missile",
            "item_count": 1,
            "capture_item": true
          }
        ],
        "map_locations": [
          {
            "map": "chozoruins",
            "x": 265,
            "y": 490
          }
        ]
      },
      {
        "name": "Ruined Gallery",
        "sections": [
          {
            "name": "Missile Wall (Missile)",
            "access_rules": [
              // Developer intended
              "missile",

              "{artifactcheck}"
            ],
            "item_count": 1,
            "capture_item": true
          },
          {
            "name": "Tunnel (Missile)",
            "access_rules": [
              // Developer intended
              "@can/bomb",

              "{artifactcheck}"
            ],
            "item_count": 1,
            "capture_item": true
          }
        ],
        "map_locations": [
          {
            "map": "chozoruins",
            "x": 308,
            "y": 305
          }
        ]
      },
      {
        "name": "Transport Access North",
        "access_rules": [
          // Developer intended
          "missile",

          "{artifactcheck}"
        ],
        "sections": [
          {
            "name": "E-Tank",
            "item_count": 1,
            "capture_item": true
          }
        ],
        "map_locations": [
          {
            "map": "chozoruins",
            "x": 479,
            "y": 47
          }
        ]
      },
      {
        "name": "Gathering Hall",
        "access_rules": [
          // Developer intended
          "@can/bomb or pb,missile,space",

          // Double bomb jump instead of space
          "@set/t_dbj,@can/bomb,missile",

          "{artifactcheck}"
        ],
        "sections": [
          {
            "name": "Missile",
            "item_count": 1,
            "capture_item": true
          }
        ],
        "map_locations": [
          {
            "map": "chozoruins",
            "x": 1053,
            "y": 904
          }
        ]
      },
      {
        "name": "Hive Totem",
        // No requirements
        "sections": [
          {
            "name": "Missile Launcher",
            "item_count": 1,
            "capture_item": true
          }
        ],
        "map_locations": [
          {
            "map": "chozoruins",
            "x": 479,
            "y": 108
          }
        ]
      },
      {
        "name": "Sunchamber",
        "sections": [
          {
            "name": "Flaahgra (Varia Suit)",
            "access_rules": [
              // Developer intended
              "@can/bomb,missile",

              "{artifactcheck}"
            ],
            "item_count": 1,
            "capture_item": true
          },
          {
            "name": "Ghosts (Artifact of Wild)",
            "access_rules": [
              // Developer intended
              "@can/bomb,@can/super,spider",

              // Early Wild IBJ
              "@set/t_earlywild,@can/bomb,missile",

              "{artifactcheck}"
            ],
            "item_count": 1,
            "capture_item": true
          }
        ],
        "map_locations": [
          {
            "map": "chozoruins",
            "x": 810,
            "y": 450
          }
        ]
      },
      {
        "name": "Watery Hall Access",
        "access_rules": [
          // Developer intended
          "missile,morph",

          "{artifactcheck}"
        ],
        "sections": [
          {
            "name": "Missile",
            "item_count": 1,
            "capture_item": true
          }
        ],
        "map_locations": [
          {
            "map": "chozoruins",
            "x": 1020,
            "y": 795
          }
        ]
      },
      {
        "name": "Watery Hall",
        "sections": [
          {
            "name": "Scan Puzzle (Charge Beam)",
            "access_rules": [
              // Developer intended
              "missile,morph",

              "{artifactcheck}"
            ],
            "item_count": 1,
            "capture_item": true
          },
          {
            "name": "Underwater (Missile)",
            "access_rules": [
              // Developer intended
              "morph,missile,space,gravity,bomb",

              // Normal w/ damage boost
              "morph,missile,space,gravity,@set/t_liquidboost",

              // Underwater ghetto jump w/ Flaahgra
              "@set/t_ghetto,morph,missile,space,bomb",

              // Underwater ghetto jump w/ damage boost
              "@set/t_ghetto,morph,missile,space,@set/t_liquidboost",

              "{artifactcheck}"
            ],
            "item_count": 1,
            "capture_item": true
          }
        ],
        "map_locations": [
          {
            "map": "chozoruins",
            "x": 1085,
            "y": 600
          }
        ]
      },
      {
        "name": "Dynamo",
        "sections": [
          {
            "name": "Lower Dynamo (Missile)",
            "access_rules": [
              // Developer intended
              "@can/bomb or pb,missile",

              "{artifactcheck}"
            ],
            "item_count": 1,
            "capture_item": true
          },
          {
            "name": "Spider Track (Missile)",
            "access_rules": [
              // Developer intended
              "@can/bomb or pb,missile,spider",

              // Floaty jump
              "@can/floaty,@can/bomb or pb,missile",

              "{artifactcheck}"
            ],
            "item_count": 1,
            "capture_item": true
          }
        ],
        "map_locations": [
          {
            "map": "chozoruins",
            "x": 1130,
            "y": 833
          }
        ]
      },
      {
        "name": "Burn Dome",
        "sections": [
          {
            "name": "Tunnel (Missile)",
            "access_rules": [
              // Developer intended
              "@can/bomb,missile",

              // Developer intended with vanilla bombs
              "$disabled|shuf_bombs,missile,@can/bomb or pb",

              // Skip bombs with boost
              "@set/t_boostjumps,missile,@can/bomb or pb,boost",

              // Softlockable (must reload if neither burn dome item is bombs)
              "{$disabled|r_noriskbombs|sb_r_noriskbombs,missile,@can/bomb or pb}",

              "{artifactcheck}"
            ],
            "item_count": 1,
            "capture_item": true
          },
          {
            "name": "Incinerator Drone (Morph Bomb)",
            "access_rules": [
              // Developer intended
              "@can/bomb,missile",

              // Developer intended with vanilla bombs
              "$disabled|shuf_bombs,missile,morph",

              // Skip bombs with boost
              "@set/t_boostjumps,missile,morph,boost",

              // Softlockable (must reload if neither burn dome item is bombs)
              "{$disabled|r_noriskbombs|sb_r_noriskbombs,missile,morph}",

              "{artifactcheck}"
            ],
            "item_count": 1,
            "capture_item": true
          }
        ],
        "map_locations": [
          {
            "map": "chozoruins",
            "x": 1323,
            "y": 737
          }
        ]
      },
      {
        "name": "Furnace",
        "sections": [
          {
            "name": "Spider Tracks (Missile)",
            "access_rules": [
              // Developer intended
              "@can/bomb,@can/pb,missile,boost,spider",

              // Floaty jump
              "@can/bomb,missile,@can/floaty",

              // DBJ to item
              "@set/t_terrain,@set/t_dbj,@can/bomb,missile,space",
              "@set/t_terrain,@set/t_dbj,@can/bomb,missile,spider",

              // Skip halfpipe by abusing terrain
              "@set/t_terrain,@can/bomb,missile,space,spider",

              "{artifactcheck}"
            ],
            "item_count": 1,
            "capture_item": true
          },
          {
            "name": "Tunnel (E-Tank)",
            "access_rules": [
              // Developer intended
              "@can/bomb,missile",

              // Skipping bombs with boost (softlock if not bombs)
              "{@set/t_boostjumps,missile,morph,boost}",

              "{artifactcheck}"
            ],
            "item_count": 1,
            "capture_item": true
          }
        ],
        "map_locations": [
          {
            "map": "chozoruins",
            "x": 1520,
            "y": 1045
          }
        ]
      },
      {
        "name": "Hall of the Elders",
        "access_rules": [
          // Developer intended
          "@reqs/late chozo,@can/bomb,space,spider,ice",

          // Climb to first bomb slot
          "@set/t_terrain,@reqs/late chozo,@can/bomb,space,ice",

          // Infinite speed glitch
          "@set/t_terrain,@set/t_hoteisg,@reqs/late chozo,@can/bomb,space,boost,ice",

          "{artifactcheck}"
        ],
        "sections": [
          {
            "name": "E-Tank",
            "item_count": 1,
            "capture_item": true
          }
        ],
        "map_locations": [
          {
            "map": "chozoruins",
            "x": 1633,
            "y": 1012
          }
        ]
      },
      {
        "name": "Crossway",
        "access_rules": [
          // Developer intended
          "@reqs/late chozo,@can/bomb,@can/super,boost,spider",

          // L jump and ledge clip into tunnel
          "@set/t_terrain,@set/t_ljump,@reqs/late chozo,space",

          "{artifactcheck}"
        ],
        "sections": [
          {
            "name": "Missile",
            "item_count": 1,
            "capture_item": true
          }
        ],
        "map_locations": [
          {
            "map": "chozoruins",
            "x": 1642,
            "y": 870
          }
        ]
      },
      {
        "name": "Elder Chamber",
        "access_rules": [
          // Developer intended, ice required to avoid making HotE item unobtainable
          "@reqs/late chozo,@can/bomb,space,spider,ice,plasma",

          // Climb to first bomb slot
          "@set/t_terrain,@reqs/late chozo,@can/bomb,space,ice,plasma",

          // Infinite speed glitch
          "@set/t_terrain,@set/t_hoteisg,@reqs/late chozo,@can/bomb,space,boost,ice",

          "{artifactcheck}"
        ],
        "sections": [
          {
            "name": "Artifact of World",
            "item_count": 1,
            "capture_item": true
          }
        ],
        "map_locations": [
          {
            "map": "chozoruins",
            "x": 1718,
            "y": 1092
          }
        ]
      },
      {
        "name": "Antechamber",
        "access_rules": [
          // Developer intended
          "@reqs/reflecting pool,missile,ice",

          // Allow vanilla beams, but require visible items
          "$disabled|r_noriskbeams,[$disabled|r_obfuscate],@reqs/reflecting pool,missile",

          // Visibility (visible from outside)
          "{$disabled|r_obfuscate,@reqs/reflecting pool,missile}",

          "{artifactcheck}"
        ],
        "sections": [
          {
            "name": "Ice Beam",
            "item_count": 1,
            "capture_item": true
          }
        ],
        "map_locations": [
          {
            "map": "chozoruins",
            "x": 1723,
            "y": 1288
          }
        ]
      }
    ]
  },
  {
    "name": "Magmoor Caverns",
    "color": "#933826",
    "children": [
      {
        "name": "Lava Lake",
        "access_rules": [
          // Developer intended
          "missile,morph,space,$EarlyMagmoor",

          // Damage boost through lava
          "@set/t_liquidboost,missile,morph,$EarlyMagmoor",

          "{artifactcheck}"
        ],
        "sections": [
          {
            "name": "Artifact of Nature",
            "item_count": 1,
            "capture_item": true
          }
        ],
        "map_locations": [
          {
            "map": "magmoorcaverns",
            "x": 193,
            "y": 706
          }
        ]
      },
      {
        "name": "Triclops Pit",
        "access_rules": [
          // Developer intended
          "@reqs/early magmoor,missile,space,@can/pass xray",

          "{artifactcheck}"
        ],
        "sections": [
          {
            "name": "Missile",
            "item_count": 1,
            "capture_item": true
          }
        ],
        "map_locations": [
          {
            "map": "magmoorcaverns",
            "x": 445,
            "y": 1055
          }
        ]
      },
      {
        "name": "Storage Cavern",
        "access_rules": [
          // Developer intended
          "@reqs/early magmoor,morph",

          "{artifactcheck}"
        ],
        "sections": [
          {
            "name": "Missile",
            "item_count": 1,
            "capture_item": true
          }
        ],
        "map_locations": [
          {
            "map": "magmoorcaverns",
            "x": 204,
            "y": 1235
          }
        ]
      },
      {
        "name": "Transport Tunnel A",
        "access_rules": [
          // Developer intended
          "@reqs/early magmoor,@can/bomb",

          "{artifactcheck}"
        ],
        "sections": [
          {
            "name": "E-Tank",
            "item_count": 1,
            "capture_item": true
          }
        ],
        "map_locations": [
          {
            "map": "magmoorcaverns",
            "x": 487,
            "y": 1245
          }
        ]
      },
      {
        "name": "Shore Tunnel",
        "access_rules": [
          // Developer intended
          "@reqs/early magmoor,@can/pb,space",

          // Escape using a DBJ
          "@set/t_dbj,@reqs/early magmoor,@can/pb,bomb",

          // Softlockable (need space or a dbj to escape)
          "{@reqs/early magmoor,@can/pb}",

          "{artifactcheck}"
        ],
        "sections": [
          {
            "name": "Ice Spreader",
            "item_count": 1,
            "capture_item": true
          }
        ],
        "map_locations": [
          {
            "map": "magmoorcaverns",
            "x": 823,
            "y": 1291
          }
        ]
      },
      {
        "name": "Fiery Shores",
        "sections": [
          {
            "name": "Morph Track (Missile)",
            "access_rules": [
              // Developer intended
              "missile,$EarlyMagmoor,@can/bomb",

              // Jump on the morph ball tunnel
              "@set/t_terrain,missile,$EarlyMagmoor,morph,space",

              // Damage boost through lava from Tallon elevator and jump on tunnel
              "@set/t_liquidboost,@set/t_terrain,missile,$EarlyMagmoor,space",

              "{artifactcheck}"
            ],
            "item_count": 1,
            "capture_item": true
          },
          {
            "name": "Warrior Shrine Tunnel (Powerbomb)",
            "access_rules": [
              // Developer intended
              "@reqs/early magmoor,@can/pb,bomb,space,boost",

              // DBJ up to spinner
              "@set/t_dbj,@reqs/early magmoor,@can/pb,bomb,boost",

              // Dash off puffer/pirate instead of spinner
              "@set/t_dash,@reqs/early magmoor,@can/pb,bomb,space",
              
              // DBJ and dash
              "@set/t_dbj,@set/t_dash,@reqs/early magmoor,@can/pb,bomb",

              // Softlockable (need bombs to escape)
              "{@reqs/early magmoor,@can/pb,space,boost}",
              "{@set/t_dbj,@reqs/early magmoor,@can/pb,boost}",
              "{@set/t_dash,@reqs/early magmoor,@can/pb,space}",
              "{@set/t_dbj,@set/t_dash,@reqs/early magmoor,@can/pb",

              "{artifactcheck}"
            ],
            "item_count": 1,
            "capture_item": true
          }
        ],
        "map_locations": [
          {
            "map": "magmoorcaverns",
            "x": 888,
            "y": 1325
          }
        ]
      },
      {
        "name": "Warrior Shrine",
        "access_rules": [
          // Developer intended
          "@reqs/early magmoor,@can/bomb,space,boost",

          // DBJ up to spinner
          "@set/t_dbj,@reqs/early magmoor,@can/bomb,boost",

          // Dash off puffer/pirate instead of spinner
          "@set/t_dash,@reqs/early magmoor,space",

          // DBJ and dash
          "@set/t_dbj,@set/t_dash,@reqs/early magmoor,@can/bomb",

          "{artifactcheck}"
        ],
        "sections": [
          {
            "name": "Artifact of Strength",
            "item_count": 1,
            "capture_item": true
          }
        ],
        "map_locations": [
          {
            "map": "magmoorcaverns",
            "x": 900,
            "y": 1118
          }
        ]
      },
      {
        "name": "Plasma Processing",
        "access_rules": [
          // Developer intended and escape
          "@reqs/late magmoor,ice,@can/bomb,boost,grapple,spider,plasma",
          // Allow vanilla beams but require visible items
          "$disabled|r_noriskbeams,[$disabled|r_obfuscate],@reqs/late magmoor,ice,@can/bomb,boost,grapple,spider",

          // Skip grapple beam to spinners
          "@set/t_rjump,@set/t_ghetto,@reqs/late magmoor,ice,@can/bomb,boost,spider,plasma",
          // Allow vanilla beams
          "$disabled|r_noriskbeams,[$disabled|r_obfuscate],@set/t_rjump,@set/t_ghetto,@reqs/late magmoor,ice,@can/bomb,boost,spider",

          // Skip grapple and ghetto jump to bomb slot
          "@set/t_ljump,@set/t_ghetto,@reqs/late magmoor,ice,@can/bomb,boost,plasma",
          // Allow vanilla beams
          "$disabled|r_noriskbeams,[$disabled|r_obfuscate],@set/t_ljump,@set/t_ghetto,@reqs/late magmoor,ice,@can/bomb,boost",

          // Workstation OoB
          "@set/oob_workstation,@can/wallcrawl,@reqs/late magmoor,plasma",
          // Allow vanilla beams
          "$disabled|r_noriskbeams,[$disabled|r_obfuscate],@set/oob_workstation,@can/wallcrawl,@reqs/late magmoor",

          // Visibility (can see from outside, need plasma to escape)
          "{@reqs/late magmoor,ice,@can/bomb,boost,grapple,spider}",
          "{@set/t_rjump,@set/t_ghetto,@reqs/late magmoor,ice,@can/bomb,boost,spider}",
          "{@set/t_ljump,@set/t_ghetto,@reqs/late magmoor,ice,@can/bomb,boost}",
          "{@set/oob_workstation,@can/wallcrawl,@reqs/late magmoor,ice}",

          "{artifactcheck}"
        ],
        "sections": [
          {
            "name": "Plasma Beam",
            "item_count": 1,
            "capture_item": true
          }
        ],
        "map_locations": [
          {
            "map": "magmoorcaverns",
            "x": 1198,
            "y": 648
          }
        ]
      },
      {
        "name": "Magmoor Workstation",
        "access_rules": [
          // Developer intended
          "@reqs/late magmoor,morph,wave,@can/pass thermal",

          // Visibility
          "{$disabled|r_obfuscate,@reqs/late magmoor,morph}",

          "{artifactcheck}"
        ],
        "sections": [
          {
            "name": "E-Tank",
            "item_count": 1,
            "capture_item": true
          }
        ],
        "map_locations": [
          {
            "map": "magmoorcaverns",
            "x": 1332,
            "y": 1041
          }
        ]
      }
    ]
  },
  {
    "name": "Phendrana Drifts",
    "color": "#5b7373",
    "children": [
      {
        "name": "Phendrana Shorelines",
        "sections": [
          {
            "name": "Behind Ice (Missile)",
            "access_rules": [
              // Developer intended
              "@reqs/front phen,plasma",

              // Early Sun infinite speed
              "@set/t_sunisg,@can/isg,wave",

              // Visibility
              "{$disabled|r_obfuscate,@reqs/front phen}",

              "{artifactcheck}"
            ],
            "item_count": 1,
            "capture_item": true
          },
          {
            "name": "Spider Track (Missile)",
            "access_rules": [
              // Developer intended
              "@reqs/front phen,@can/super,space,spider",

              // Visibility
              "{$disabled|r_obfuscate,@reqs/front phen}",

              "{artifactcheck}"
            ],
            "item_count": 1,
            "capture_item": true
          }
        ],
        "map_locations": [
          {
            "map": "phendranadrifts",
            "x": 745,
            "y": 505
          }
        ]
      },
      {
        "name": "Chozo Ice Temple",
        "access_rules": [
          // Developer intended
          "@reqs/front phen,space,plasma",

          // Early Sun infinite speed
          "@set/t_sunisg,@can/isg,@reqs/front phen,wave",

          // Early Sun ISG OoB
          "@set/oob_wavesun,@can/wallcrawl,@set/t_sunisg,@can/isg,@reqs/front phen",

          "{artifactcheck}"
        ],
        "sections": [
          {
            "name": "Artifact of Sun",
            "item_count": 1,
            "capture_item": true
          }
        ],
        "map_locations": [
          {
            "map": "phendranadrifts",
            "x": 361,
            "y": 530
          }
        ]
      },
      {
        "name": "Ice Ruins West",
        "access_rules": [
          // Developer intended
          "@reqs/front phen,space,plasma",

          "{artifactcheck}"
        ],
        "sections": [
          {
            "name": "Powerbomb",
            "item_count": 1,
            "capture_item": true
          }
        ],
        "map_locations": [
          {
            "map": "phendranadrifts",
            "x": 815,
            "y": 795
          }
        ]
      },
      {
        "name": "Ice Ruins East",
        "sections": [
          {
            "name": "Behind Ice (Missile)",
            "access_rules": [
              // Developer intended
              "@reqs/front phen,plasma",

              "{artifactcheck}"
            ],
            "item_count": 1,
            "capture_item": true
          },
          {
            "name": "Spider Track (Missile)",
            "access_rules": [
              // Developer intended
              "@reqs/front phen,spider",

              "{artifactcheck}"
            ],
            "item_count": 1,
            "capture_item": true
          }
        ],
        "map_locations": [
          {
            "map": "phendranadrifts",
            "x": 1125,
            "y": 620
          }
        ]
      },
      {
        "name": "Chapel of the Elders",
        "access_rules": [
          // Developer intended
          "@reqs/front phen,@can/bomb,space,wave",

          // Allow vanilla beams but require visible items
          "$disabled|r_noriskbeams,[$disabled|r_obfuscate],@reqs/fron phen,@can/bomb,space",

          // Visibility (can see from outside, need wave to escape)
          "{$disabled|r_obfuscate,@reqs/front phen,@can/bomb,space}",

          "{artifactcheck}"
        ],
        "sections": [
          {
            "name": "Wave Beam",
            "item_count": 1,
            "capture_item": true
          }
        ],
        "map_locations": [
          {
            "map": "phendranadrifts",
            "x": 100,
            "y": 531
          }
        ]
      },
      {
        "name": "Ruined Courtyard",
        "access_rules": [
          // Developer intended, first pass
          "@reqs/mid phen,space,wave,@can/bomb,boost",

          // Developer intended, shortcut
          "@reqs/mid phen,space,wave,spider",

          // Terrain abuse to climb
          "@set/t_terrain,@set/t_ljump,@reqs/mid phen,space,wave",

          "{artifactcheck}"
        ],
        "sections": [
          {
            "name": "E-Tank",
            "item_count": 1,
            "capture_item": true
          }
        ],
        "map_locations": [
          {
            "map": "phendranadrifts",
            "x": 740,
            "y": 1169
          }
        ]
      },
      {
        "name": "Phendrana Canyon",
        "access_rules": [
          // Developer intended and escape
          "@reqs/front phen,space",
          "@reqs/front phen,boost",

          // Softlockable (reload needed only if boxes are destroyed)
          "{@reqs/front phen}",

          "{artifactcheck}"
        ],
        "sections": [
          {
            "name": "Boost Ball",
            "item_count": 1,
            "capture_item": true
          }
        ],
        "map_locations": [
          {
            "map": "phendranadrifts",
            "x": 240,
            "y": 1030
          }
        ]
      },
      {
        "name": "Quarantine Cave",
        "access_rules": [
          // Developer intended
          "@reqs/quarantine cave,spider,@can/pass thermal",

          // Softlockable (need spider or grapple to escape)
          "{@reqs/quarantine cave,@can/pass thermal}",

          "{artifactcheck}"
        ],
        "sections": [
          {
            "name": "Spider Ball",
            "item_count": 1,
            "capture_item": true
          }
        ],
        "map_locations": [
          {
            "map": "phendranadrifts",
            "x": 1290,
            "y": 1538
          }
        ]
      },
      {
        "name": "Quarantine Monitor",
        "access_rules": [
          // Developer intended
          "@reqs/quarantine cave,@can/pass thermal,spider,grapple",

          // Dash to entrance
          "@set/t_dash,@reqs/quarantine cave,@can/pass thermal,spider",

          "{artifactcheck}"
        ],
        "sections": [
          {
            "name": "Missile",
            "item_count": 1,
            "capture_item": true
          }
        ],
        "map_locations": [
          {
            "map": "phendranadrifts",
            "x": 1498,
            "y": 1483
          }
        ]
      },
      {
        "name": "Research Lab Hydra",
        "access_rules": [
          // Developer intended
          "@reqs/phen labs,@can/super",

          // Visibility
          "{$disabled|r_obfuscate,@reqs/phen labs,xray}",

          "{artifactcheck}"
        ],
        "sections": [
          {
            "name": "Missile",
            "item_count": 1,
            "capture_item": true
          }
        ],
        "map_locations": [
          {
            "map": "phendranadrifts",
            "x": 1644,
            "y": 280
          }
        ]
      },
      {
        "name": "Observatory",
        "access_rules": [
          // Developer intended
          "@reqs/phen labs,@can/climb observatory",

          "{artifactcheck}"
        ],
        "sections": [
          {
            "name": "Super Missile",
            "item_count": 1,
            "capture_item": true
          }
        ],
        "map_locations": [
          {
            "map": "phendranadrifts",
            "x": 1537,
            "y": 544
          }
        ]
      },
      {
        "name": "Control Tower",
        "access_rules": [
          // Developer intended
          "@reqs/phen labs,plasma,bombs",

          // Terrain abuse to item
          "@set/t_terrain,@reqs/phen labs,bombs",

          // Softlockable (need bombs to escape)
          "{$disabled|r_noriskbombs|sb_r_noriskbombs,shuf_bombs,@reqs/phen labs,plasma}",
          "{$disabled|r_noriskbombs|sb_r_noriskbombs,shuf_bombs,@set/t_terrain,@reqs/phen labs}",

          "{artifactcheck}"
        ],
        "sections": [
          {
            "name": "Artifact of Elder",
            "item_count": 1,
            "capture_item": true
          }
        ],
        "map_locations": [
          {
            "map": "phendranadrifts",
            "x": 1330,
            "y": 190
          }
        ]
      },
      {
        "name": "Research Lab Aether",
        "access_rules": [
          // Developer intended
          "@reqs/phen labs",

          "{artifactcheck}"
        ],
        "sections": [
          {
            "name": "Tank (E-Tank)",
            "item_count": 1,
            "capture_item": true
          },
          {
            "name": "Morph Track (Missile)",
            "item_count": 1,
            "capture_item": true
          }
        ],
        "map_locations": [
          {
            "map": "phendranadrifts",
            "x": 1768,
            "y": 532
          }
        ]
      },
      {
        "name": "Research Core",
        "access_rules": [
          // Developer intended
          "@reqs/phen labs",

          "{artifactcheck}"
        ],
        "sections": [
          {
            "name": "Thermal Visor",
            "item_count": 1,
            "capture_item": true
          }
        ],
        "map_locations": [
          {
            "map": "phendranadrifts",
            "x": 1785,
            "y": 762
          }
        ]
      },
      {
        "name": "Transport Access",
        "access_rules": [
          // Developer intended
          "@reqs/far phen,plasma",

          // Visibility
          "{$disabled|r_obfuscate,@reqs/far phen}",

          "{artifactcheck}"
        ],
        "sections": [
          {
            "name": "E-Tank",
            "item_count": 1,
            "capture_item": true
          }
        ],
        "map_locations": [
          {
            "map": "phendranadrifts",
            "x": 2057,
            "y": 585
          }
        ]
      },
      {
        "name": "Frost Cave",
        "access_rules": [
          // Developer intended
          "@reqs/far phen,grapple",

          // Dash to ledge
          "@set/t_dash,@reqs/far phen",

          // Visibility
          "{$disabled|r_obfuscate,@reqs/far phen}",

          "{artifactcheck}"
        ],
        "sections": [
          {
            "name": "Missile",
            "item_count": 1,
            "capture_item": true
          }
        ],
        "map_locations": [
          {
            "map": "phendranadrifts",
            "x": 1952,
            "y": 1299
          }
        ]
      },
      {
        "name": "Storage Cave",
        "access_rules": [
          // Developer intended
          "@reqs/far phen,@can/pb,plasma,grapple",

          // Climbing room with terrain abuse and traversing frost/hunter cave:
          //   with gravity suit
          "@set/t_ljump,@set/t_terrain,@reqs/far phen,@can/pb,plasma,gravity",
          //   with a dash
          "@set/t_ljump,@set/t_terrain,@set/t_dash,@reqs/far phen,@can/pb,plasma",
          //   with a ghetto jump
          "@set/t_ljump,@set/t_terrain,@set/t_ghetto,@reqs/far phen,@can/pb,plasma",

          "{artifactcheck}"
        ],
        "sections": [
          {
            "name": "Artifact of Spirit",
            "item_count": 1,
            "capture_item": true
          }
        ],
        "map_locations": [
          {
            "map": "phendranadrifts",
            "x": 2108,
            "y": 1645
          }
        ]
      },
      {
        "name": "Security Cave",
        "access_rules": [
          // Developer intended
          "@reqs/far phen,@can/pb,plasma,grapple",

          // Climbing room with terrain abuse and traversing frost/hunter cave:
          //   with gravity suit
          "@set/t_ljump,@set/t_terrain,@reqs/far phen,@can/pb,plasma,gravity",
          //   with a dash
          "@set/t_ljump,@set/t_terrain,@set/t_dash,@reqs/far phen,@can/pb,plasma",
          //   with a ghetto jump
          "@set/t_ljump,@set/t_terrain,@set/t_ghetto,@reqs/far phen,@can/pb,plasma",

          "{artifactcheck}"
        ],
        "sections": [
          {
            "name": "Powerbomb",
            "item_count": 1,
            "capture_item": true
          }
        ],
        "map_locations": [
          {
            "map": "phendranadrifts",
            "x": 2010,
            "y": 1782
          }
        ]
      },
      {
        "name": "Gravity Chamber",
        "sections": [
          {
            "name": "Underwater (Gravity Suit)",
            "access_rules": [
              // Developer intended
              "@reqs/far phen,gravity",

              // Escape and access with underwater ghetto jump
              "$disabled|r_noriskgravity|sb_r_noriskgravity,@set/t_ghetto,@reqs/far phen",

              // Softlockable (need gravity if you don't know how to ghetto jump)
              "{@reqs/far phen,grapple}",
              "{@set/t_dash,@reqs/far phen}",

              "{artifactcheck}"
            ],
            "item_count": 1,
            "capture_item": true
          },
          {
            "name": "Grapple Ledge (Missile)",
            "access_rules": [
              // Developer intended
              "@reqs/far phen,gravity,grapple,plasma",

              // Ghetto R jump to the item
              "$disabled|r_noriskgravity|sb_r_noriskgravity,@set/t_ghetto,@set/t_rjump,@reqs/far phen",

              // Softlockable (in case of falling in)
              "{@reqs/far phen,grapple,plasma}",

              "{artifactcheck}"
            ],
            "item_count": 1,
            "capture_item": true
          }
        ],
        "map_locations": [
          {
            "map": "phendranadrifts",
            "x": 2425,
            "y": 1130
          }
        ]
      }
    ]
  },
  {
    "name": "Phazon Mines",
    "color": "#4e4759",
    "children": [
      {
        "name": "Main Quarry",
        "access_rules": [
          // Developer intended
          "@reqs/upper mines,@can/bomb,@can/pass thermal,spider",

          // Ghetto and L jump to crane
          "@set/t_terrain,@set/t_ghetto,@set/t_ljump,@reqs/upper mines,@can/bomb,@can/pass thermal",

          // Visibility
          "{$disabled|r_obfuscate,@reqs/upper mines,@can/bomb,@can/pass thermal}",

          "{artifactcheck}"
        ],
        "sections": [
          {
            "name": "Missile",
            "item_count": 1,
            "capture_item": true
          }
        ],
        "map_locations": [
          {
            "map": "phazonmines",
            "x": 1330,
            "y": 495
          }
        ]
      },
      {
        "name": "Security Access A",
        "access_rules": [
          // Developer intended w/ check for infinite boost possibility
          "@reqs/upper mines,@can/pb,$ERIB",

          "{artifactcheck}"
        ],
        "sections": [
          {
            "name": "Missile",
            "item_count": 1,
            "capture_item": true
          }
        ],
        "map_locations": [
          {
            "map": "phazonmines",
            "x": 1295,
            "y": 560
          }
        ]
      },
      {
        "name": "Storage Depot A",
        "access_rules": [
          // Developer intended w/ check for infinite boost possibility
          "@reqs/upper mines,@can/pb,plasma,$ERIB",

          "{artifactcheck}"
        ],
        "sections": [
          {
            "name": "Flamethrower",
            "item_count": 1,
            "capture_item": true
          }
        ],
        "map_locations": [
          {
            "map": "phazonmines",
            "x": 1127,
            "y": 351
          }
        ]
      },
      {
        "name": "Elite Research",
        "sections": [
          {
            "name": "Phazon Elite (Artifact of Warrior)",
            "access_rules": [
              // Developer intended w/ check for infinite boost possibility
              "@reqs/upper mines,@can/pb,$ERIB",

              "{artifactcheck}"
            ],
            "item_count": 1,
            "capture_item": true
          },
          {
            "name": "Laser (Missile)",
            "access_rules": [
              // Developer intended
              "@reqs/upper mines,@can/bomb,boost,@can/pass xray",

              "{artifactcheck}"
            ],
            "item_count": 1,
            "capture_item": true
          }
        ],
        "map_locations": [
          {
            "map": "phazonmines",
            "x": 1090,
            "y": 196
          }
        ]
      },
      {
        "name": "Storage Depot B",
        "access_rules": [
          // Developer intended
          "@reqs/mags to mines",

          // Reverse mines
          "@reqs/tallon to mines,@can/climb ore processing",

          "{artifactcheck}"
        ],
        "sections": [
          {
            "name": "Grapple Beam",
            "item_count": 1,
            "capture_item": true
          }
        ],
        "map_locations": [
          {
            "map": "phazonmines",
            "x": 1329,
            "y": 74
          }
        ]
      },
      {
        "name": "Fungal Hall Access",
        "access_rules": [
          // Developer intended
          "@reqs/upper mines,@can/bomb,@can/pb,plasma,@can/climb vent shaft,@can/climb mines spider shafts,@can/climb ore processing,@can/pass xray,spider",

          // Exit Metroid Quarantine A without spider
          "@set/t_ghetto,@set/t_terrain,@set/t_dash,@reqs/upper mines,@can/bomb,@can/pb,plasma,@can/climb vent shaft,@can/climb mines spider shafts,@can/climb ore processing,@can/pass xray",

          "{artifactcheck}"
        ],
        "sections": [
          {
            "name": "Missile",
            "item_count": 1,
            "capture_item": true
          }
        ],
        "map_locations": [
          {
            "map": "phazonmines",
            "x": 758,
            "y": 482
          }
        ]
      },
      {
        "name": "Phazon Mining Tunnel",
        "access_rules": [
          // Developer intended
          "@reqs/lower mines,phazon",

          // Early Newborn inbounds
          "@set/t_phazontunnelnosuit,@reqs/lower mines,boost,etank:11",

          // Early Newborn wallcrawl
          "@set/t_phazontunnelnosuit,@set/oob_earlynewborn,@can/wallcrawl,@reqs/lower mines",

          "{artifactcheck}"
        ],
        "sections": [
          {
            "name": "Artifact of Newborn",
            "item_count": 1,
            "capture_item": true
          }
        ],
        "map_locations": [
          {
            "map": "phazonmines",
            "x": 706,
            "y": 910
          }
        ]
      },
      {
        "name": "Fungal Hall B",
        "access_rules": [
          // Developer intended w/ thermal
          "@reqs/lower mines,@can/pass thermal",
          //                    w/ xray
          "@reqs/lower mines,@can/pass xray",

          "{artifactcheck}"
        ],
        "sections": [
          {
            "name": "Missile",
            "item_count": 1,
            "capture_item": true
          }
        ],
        "map_locations": [
          {
            "map": "phazonmines",
            "x": 676,
            "y": 1251
          }
        ]
      },
      {
        "name": "Metroid Quarantine A",
        "access_rules": [
          // Developer intended
          "@reqs/upper mines,@can/pb,@can/climb vent shaft,@can/climb mines spider shafts,@can/climb ore processing,@can/pass xray,spider",

          // Skip spider ball
          "@set/t_ghetto,@set/t_terrain,@set/t_dash,@reqs/upper mines,@can/pb,@can/climb vent shaft,@can/climb mines spider shafts,@can/climb ore processing,@can/pass xray",

          "{artifactcheck}"
        ],
        "sections": [
          {
            "name": "Missile",
            "item_count": 1,
            "capture_item": true
          }
        ],
        "map_locations": [
          {
            "map": "phazonmines",
            "x": 1565,
            "y": 1030
          }
        ]
      },
      {
        "name": "Metroid Quarantine B",
        "access_rules": [
          // Developer intended
          "@reqs/lower mines,@can/super",

          // Visibility
          "{$disabled|r_obfuscate,@reqs/lower mines,xray}",

          "{artifactcheck}"
        ],
        "sections": [
          {
            "name": "Missile",
            "item_count": 1,
            "capture_item": true
          }
        ],
        "map_locations": [
          {
            "map": "phazonmines",
            "x": 314,
            "y": 1365
          }
        ]
      },
      {
        "name": "Elite Quarters",
        "access_rules": [
          // Developer intended
          "@reqs/lower mines,xray",

          "{artifactcheck}"
        ],
        "sections": [
          {
            "name": "Phazon Suit",
            "item_count": 1,
            "capture_item": true
          }
        ],
        "map_locations": [
          {
            "map": "phazonmines",
            "x": 173,
            "y": 1200
          }
        ]
      },
      {
        "name": "Processing Center Access",
        "access_rules": [
          // Developer intended
          "@reqs/lower mines,xray",

          "{artifactcheck}"
        ],
        "sections": [
          {
            "name": "E-Tank",
            "item_count": 1,
            "capture_item": true
          }
        ],
        "map_locations": [
          {
            "map": "phazonmines",
            "x": 177,
            "y": 1021
          }
        ]
      },
      {
        "name": "Phazon Processing Center",
        "access_rules": [
          // Developer intended
          "@reqs/upper mines,@can/pb,@can/climb mines spider shafts,@can/climb ore processing",

          "{artifactcheck}"
        ],
        "sections": [
          {
            "name": "Missile",
            "item_count": 1,
            "capture_item": true
          }
        ],
        "map_locations": [
          {
            "map": "phazonmines",
            "x": 395,
            "y": 935
          }
        ]
      },
      {
        "name": "Elite Control Access",
        "access_rules": [
          // Developer intended
          "@reqs/upper mines,@can/climb mines spider shafts,@can/climb ore processing",

          "{artifactcheck}"
        ],
        "sections": [
          {
            "name": "Missile",
            "item_count": 1,
            "capture_item": true
          }
        ],
        "map_locations": [
          {
            "map": "phazonmines",
            "x": 1282,
            "y": 1231
          }
        ]
      },
      {
        "name": "Ventilation Shaft",
        "access_rules": [
          // Developer intended
          "@reqs/upper mines,@can/pb,@can/climb vent shaft,@can/climb mines spider shafts,@can/climb ore processing",

          "{artifactcheck}"
        ],
        "sections": [
          {
            "name": "E-Tank",
            "item_count": 1,
            "capture_item": true
          }
        ],
        "map_locations": [
          {
            "map": "phazonmines",
            "x": 1176,
            "y": 1498
          }
        ]
      },
      {
        "name": "Central Dynamo",
        "access_rules": [
          // Developer intended
          "@reqs/upper mines,@can/bomb,@can/climb vent shaft,@can/climb mines spider shafts,@can/climb ore processing",

          "{artifactcheck}"
        ],
        "sections": [
          {
            "name": "Powerbombs",
            "item_count": 1,
            "capture_item": true
          }
        ],
        "map_locations": [
          {
            "map": "phazonmines",
            "x": 1465,
            "y": 1560
          }
        ]
      }
    ]
  }
]
