[
  {
    "name": "can",
    "sections": [
      {
        "name": "bomb",
        "access_rules": [
          "morph,bomb"
        ],
        "item_count": 1
      },
      {
        "name": "pb",
        "access_rules": [
          "morph,pb"
        ],
        "item_count": 1
      },
      {
        "name": "bomb or pb",
        "access_rules": [
          "morph,bomb",
          "morph,pb"
        ],
        "item_count": 1
      },
      {
        "name": "super",
        "access_rules": [
          "missile,charge,super"
        ],
        "item_count": 1
      },
      {
        "name": "pass thermal",
        "access_rules": [
          "thermal",
          "$disabled|r_requirethermal|sb_r_requirethermal"
        ],
        "item_count": 1
      },
      {
        "name": "pass xray",
        "access_rules": [
          "xray",
          "$disabled|r_requirexray|sb_r_requirexray"
        ],
        "item_count": 1
      },
      {
        "name": "isg",
        "access_rules": [
          "morph,bomb,boost"
        ],
        "item_count": 1
      },
      {
        "name": "morph jump",
        "access_rules": [
          "@can/bomb",
          "@set/t_boostjumps,morph,boost"
        ],
        "item_count": 1
      },
      {
        "name": "wallcrawl",
        "access_rules": [
          "morph,space,bomb",
          "morph,space,@set/oob_nobombs"
        ]
      },
      {
        "name": "floaty",
        "access_rules": [
          "@can/wallcrawl,@set/oob_floaty,$missing|gravity"
        ],
        "item_count": 1
      },
      {
        "name": "climb frigate crash site",
        "access_rules": [
          "@set/t_terrain,@set/t_ghetto,missile,morph,ice,space"
        ],
        "item_count": 1
      },
      {
        "name": "cross magma pool",
        "access_rules": [
          // Developer intended
          "@has/heat shielding,grapple",

          // Jump off debris in the pool
          "@set/t_liquidboost,@set/t_terrain,gravity,space",

          // Scandash requires etanks or suit for safety
          "@set/t_scandash,space,etank:2",
          "@set/t_scandash,space,@has/heat shielding",
          "@set/t_scandash,@can/floaty,etank:2",
          "@set/t_scandash,@can/floaty,@has/heat shielding"
        ],
        "item_count": 1
      },
      {
        "name": "access tower of light",
        "access_rules": [
          // Developer intended
          "missile,space,wave,morph,boost,spider",

          // Skip boost with a ghetto jump up ramp
          "@set/t_ghetto,missile,space,wave,spider",

          // L jump to the door from top of ramp
          "@set/t_ghetto,@set/t_ljump,missile,space,wave",

          // Dash to the door from top of ramp
          "@set/t_ghetto,@set/t_dash,missile,space,wave",

          // L jump to the door from branch
          "@set/t_terrain,@set/t_ljump,missile,space,wave",

          // Dash to the door from branch
          "@set/t_terrain,@set/t_dash,missile,space,wave"
        ],
        "item_count": 1
      },
      {
        "name": "climb ruined courtyard",
        "access_rules": [
          // Developer intended, first pass
          "space,wave,@can/bomb,boost",

          // Developer intended, shortcut
          "space,wave,spider",

          // Dirty cheater strats
          "space,wave,@set/t_terrain,@set/t_ghetto"
        ],
        "item_count": 1
      },
      {
        "name": "climb observatory",
        "access_rules": [
          // Developer intended
          "@can/bomb,boost",

          // Scandash
          "@set/t_scandash"
        ],
        "item_count": 1
      },
      {
        "name": "enter quar from court",
        "access_rules": [
          "@can/super,@can/pass thermal"
        ],
        "item_count": 1
      },
      {
        "name": "exit quar to mags",
        "access_rules": [
          "@can/pass thermal,spider",
          "@can/pass thermal,grapple"
        ],
        "item_count": 1
      },
      {
        "name": "exit quar to court",
        "access_rules": [
          // Supers or bombs required to avoid softlock
          "@can/pass thermal,spider,@can/super",
          "@can/pass thermal,spider,@can/bomb",

          "@can/pass thermal,@set/t_ghetto,@can/super",
          "@can/pass thermal,@set/t_ghetto,@can/bomb"
        ],
        "item_count": 1
      },
      {
        "name": "exit mags to far phen",
        "access_rules": [
          "morph,ice,spider",
          "morph,ice,@set/t_terrain"
        ],
        "item_count": 1
      },
      {
        "name": "climb ore processing",
        "access_rules": [
          "@can/bomb,@can/pb,grapple,spider",
          "@set/t_terrain,@set/t_ghetto"
        ],
        "item_count": 1
      },
      {
        "name": "climb mines spider shafts",
        "access_rules": [
          "spider",
          "@can/bomb,@set/t_terrain,@set/t_spiderlessshafts"
        ],
        "item_count": 1
      },
      {
        "name": "climb vent shaft",
        "access_rules": [
          // Developer intended
          "boost",

          // If "No Boost Ball in Lower Mines" is disabled:
          // Half-pipe bomb jump
          "$disabled|r_noriskventshaft|sb_r_noriskventshaft,@set/t_halfpipebj,@can/bomb",
          // Dash up slope
          "$disabled|r_noriskventshaft|sb_r_noriskventshaft,@set/t_dash,space"
        ],
        "item_count": 1
      }
    ]
  },
  {
    "name": "has",
    "sections": [
      {
        "name": "heat shielding",
        "access_rules": [
          "varia",
          "hs_anysuit,gravity",
          "hs_anysuit,phazon"
        ],
        "item_count": 1
      }
    ]
  },
  {
    "name": "reqs",
    "sections": [
      {
        "name": "frigate",
        "access_rules": [
          "missile,morph,space,wave,ice,gravity,@can/pass thermal"
        ],
        "item_count": 1
      },
      {
        "name": "late chozo",
        "access_rules": [
          // IBBF
          "missile,@can/wallcrawl,@set/oob_ibbf",

          // Climbing Frigate Crash Site to Reflecting Pool
          "@can/climb frigate crash site,@can/bomb",

          // Inbounds checks
          //
          // Vanilla Furnace to Crossway
          "missile,@can/morph jump,spider,wave,boost",
          "missile,@can/morph jump,@set/t_terrain,wave,boost",

          // Vanilla Furnace to HotE
          "missile,@can/morph jump,spider,ice,space",
          "missile,@can/morph jump,@set/t_terrain,ice,space",

          // Furnace to Crossway with tricks
          "missile,@can/morph jump,spider,wave,@set/t_halfpipebj",
          "missile,@can/morph jump,spider,wave,space,@set/t_ljump",
          "missile,@can/morph jump,spider,wave,space,@set/t_rjump",
          "missile,@can/morph jump,spider,wave,space,@set/t_ghetto",

          "missile,@can/morph jump,@set/t_terrain,wave,@set/t_halfpipebj",
          "missile,@can/morph jump,@set/t_terrain,wave,space,@set/t_ljump",
          "missile,@can/morph jump,@set/t_terrain,wave,space,@set/t_rjump",
          "missile,@can/morph jump,@set/t_terrain,wave,space,@set/t_ghetto"
        ],
        "item_count": 1
      },
      {
        "name": "reflecting pool",
        "access_rules": [
          // From Overgrown Cavern elevator
          "@can/climb frigate crash site,bomb",

          // Through late Chozo
          "@reqs/late chozo,space,boost,wave",
          "@reqs/late chozo,space,boost,@set/t_hbjpasthote",
          "@reqs/late chozo,space,@set/t_terrain,@set/t_ghetto,wave",
          "@reqs/late chozo,space,@set/t_terrain,@set/t_ghetto,@set/t_hbjpasthote"
        ],
        "item_count": 1
      },
      {
        "name": "early magmoor",
        "access_rules": [
          // Developer intended through Lava Lake
          "missile,$EarlyMagmoor,@can/bomb or pb",

          // Developer intended through Fiery Shores
          "missile,$EarlyMagmoor,morph,grapple",

          // Damage boost through lava from Tallon elevator
          "missile,$EarlyMagmoor,@set/t_liquidboost"
        ],
        "item_count": 1
      },
      {
        "name": "late magmoor",
        "access_rules": [
          // Developer intended
          "missile,wave,space,$MagmoorRun,morph,spider",

          // Dash across Twin Fires
          "missile,wave,space,$MagmoorRun,@set/t_terrain,@set/t_scandash",

          // R jump across Twin Fires
          "missile,wave,space,$MagmoorRun,@set/t_terrain,@set/t_rjump",

          // DBJ in lava at Twin Fires
          "missile,wave,space,$MagmoorRun,@set/t_liquidboost,@set/t_dbj,@can/bomb",

          // Jump out of lava in Twin Fires
          "missile,wave,space,$MagmoorRun,@set/t_liquidboost,gravity",

          // Through Mines
          // Developer intended
          "@reqs/frigate,@can/bomb,@can/pb,spider",
          "@reqs/frigate,@can/bomb,@can/pb,@set/t_terrain,@set/t_spiderlessppc",

          // Bars skip
          "@set/t_barsskip,@reqs/reflecting pool,wave,ice,@can/pb,spider",
          "@set/t_barsskip,@reqs/reflecting pool,wave,ice,@can/pb,@set/t_terrain,@set/t_spiderlessppc"
        ],
        "item_count": 1
      },
      {
        "name": "north phen elevator",
        "access_rules": [
          // Vanilla
          "missile,@can/morph jump,@has/heat shielding",

          // Suitless (other reqs probably to avoid lava)
          "$MagmoorRun,missile,@can/morph jump,space,@set/t_dash,@set/t_terrain",
        ],
        "item_count": 1
      },
      {
        "name": "south phen elevator",
        "access_rules": [
          // Blocked by bombs depending on settings
          "@reqs/late magmoor,morph,@can/bomb",
          "@reqs/late magmoor,morph,$disabled|r_nolatebombs|sb_r_nolatebombs"
        ],
        "item_count": 1
      },
      {
        "name": "front phen",
        "access_rules": [
          // Immediate access from elevator
          "@reqs/north phen elevator",

          // Reverse through Thardus
          "@reqs/south phen elevator,@can/exit quar to court"
        ],
        "item_count": 1
      },
      {
        "name": "mid phen",
        "access_rules": [
          // Ensure backtracking is possible
          "@reqs/front phen,@can/climb ruined courtyard"
        ],
        "item_count": 1
      },
      {
        "name": "far phen",
        "access_rules": [
          // Through labs
          "@reqs/mid phen,ice,@can/climb observatory",

          // Through Thardus/south elevator
          "@reqs/mid phen,ice,@can/enter quar from court,@can/exit quar to mags,@can/exit mags to far phen"
        ],
        "item_count": 1
      },
      {
        "name": "quarantine cave",
        "access_rules": [
          // Immediately from south magmoor
          "@reqs/south phen elevator",

          // Path through front phen
          "@reqs/north phen elevator,@can/climb ruined courtyard,@can/enter quar from court"
        ],
        "item_count": 1
      },
      {
        "name": "phen labs",
        "access_rules": [
          // Front path
          "@reqs/mid phen,@can/climb observatory",
          
          // Back path
          "@reqs/far phen"
        ],
        "item_count": 1
      },
      {
        "name": "tallon to mines",
        "access_rules": [
          // Developer intended
          "@reqs/frigate,@can/bomb",

          // Bars skip
          "@set/t_barsskip,@reqs/reflecting pool,@can/bomb,wave,ice"
        ],
        "item_count": 1
      },
      {
        "name": "mags to mines",
        "access_rules": [
          "@reqs/late magmoor,@can/climb ore processing,@can/climb mines spider shafts,@can/pb,ice"
        ],
        "item_count": 1
      },
      {
        "name": "upper mines",
        "access_rules": [
          // No extra requirements from either entrance
          "@reqs/tallon to mines",
          "@reqs/mags to mines"
        ],
        "item_count": 1
      },
      {
        "name": "lower mines",
        "access_rules": [
          "@reqs/upper mines,@can/bomb,pb,plasma,@can/climb vent shaft,@can/climb mines spider shafts,@can/climb ore processing,@can/pass xray,spider,grapple",
          "@reqs/upper mines,@can/bomb,pb,plasma,@can/climb vent shaft,@can/climb mines spider shafts,@can/climb ore processing,@can/pass xray,@set/t_terrain,@set/t_ghetto,@set/t_dash",
          "@reqs/upper mines,@can/bomb,pb,plasma,@can/climb vent shaft,@can/climb mines spider shafts,@can/climb ore processing,@can/pass xray,spider,@set/t_terrain,@set/t_ghetto,@set/t_rjump"
        ],
        "item_count": 1
      }
    ]
  }
]