{
  "tracker_broadcast": {
    "type": "array",
    "orientation": "vertical",
    "margin": "0,0",
    "content": [
      {
        "type": "array",
        "orientation": "horizontal",
        "margin": "0,0",
        "content": [
          {
            "type": "itemgrid",
            "item_margin": "3,3",
            "v_alignment": "center",
            "item_size": 48,
            "rows": [
              [ "chargebadge", "morph",  "space"   ],
              [ "wavebadge",   "bomb",   "grapple" ],
              [ "icebadge",    "boost",  "thermal" ],
              [ "plasmabadge", "spider", "xray"    ]
            ]
          },
          {
            "type": "itemgrid",
            "margin": "0,0",
            "item_margin": "3,3",
            "v_alignment": "center",
            "item_size": 48,
            "rows": [
              [ "varia",       "missile"   ],
              [ "gravityitem", "etank"     ],
              [ "phazon",      "powerbomb" ]
            ]
          }
        ]
      },
      {
        "type": "layout",
        "key": "artifacts",
        "margin": "0,0,0,10"
      }
    ]
  }
}
