{
  "shared_item_grid": {
    "type": "array",
    "orientation": "vertical",
    "margin": "0,0",
    "content": [
      {
        "type": "array",
        "orientation": "horizontal",
        "margin": "0,0",
        "content": [
          {
            "type": "itemgrid",
            "item_margin": "3,3",
            "h_alignment": "left",
            "v_alignment": "center",
            "item_size": 48,
            "rows": [
              [ "charge", "super",       "morph",  "space",   "varia",       "missile"   ],
              [ "wave",   "wavecombo",   "bomb",   "grapple", "gravityitem", "etank"     ],
              [ "ice",    "icecombo",    "boost",  "thermal", "phazon",      "powerbomb" ],
              [ "plasma", "plasmacombo", "spider", "xray",    "",            ""          ]
            ]
          },
          {
            "type": "canvas",
            "margin": "10,5",
            "v_alignment": "center",
            "width": 250,
            "height": 237,
            "content": [
              {
                "type": "item",
                "item": "truth",
                "canvas_depth": 1,
                "width": 50,
                "height": 41,
                "canvas_left": 166,
                "canvas_top": 88
              },
              {
                "type": "item",
                "item": "strength",
                "canvas_depth": 1,
                "width": 53,
                "height": 32,
                "canvas_left": 111,
                "canvas_top": 76
              },
              {
                "type": "item",
                "item": "elder",
                "canvas_depth": 1,
                "width": 47,
                "height": 35,
                "canvas_left": 163,
                "canvas_top": 134
              },
              {
                "type": "item",
                "item": "wild",
                "canvas_depth": 1,
                "width": 44,
                "height": 35,
                "canvas_left": 75,
                "canvas_top": 94
              },
              {
                "type": "item",
                "item": "lifegiver",
                "canvas_depth": 1,
                "width": 44,
                "height": 37,
                "canvas_left": 115,
                "canvas_top": 151
              },
              {
                "type": "item",
                "item": "warrior",
                "canvas_depth": 1,
                "width": 30,
                "height": 26,
                "canvas_left": 90,
                "canvas_top": 134
              },
              {
                "type": "item",
                "item": "chozo",
                "canvas_depth": 0,
                "width": 126,
                "height": 111,
                "canvas_left": 120,
                "canvas_top": 0
              },
              {
                "type": "item",
                "item": "nature",
                "canvas_depth": 0,
                "width": 102,
                "height": 59,
                "canvas_left": 13,
                "canvas_top": 52
              },
              {
                "type": "item",
                "item": "sun",
                "canvas_depth": 0,
                "width": 34,
                "height": 53,
                "canvas_left": 216,
                "canvas_top": 115
              },
              {
                "type": "item",
                "item": "world",
                "canvas_depth": 2,
                "width": 71,
                "height": 41,
                "canvas_left": 0,
                "canvas_top": 115
              },
              {
                "type": "item",
                "item": "spirit",
                "canvas_depth": 1,
                "width": 89,
                "height": 73,
                "canvas_left": 158,
                "canvas_top": 164
              },
              {
                "type": "item",
                "item": "newborn",
                "canvas_depth": 0,
                "width": 93,
                "height": 74,
                "canvas_left": 53,
                "canvas_top": 156
              }
            ]
          },
          {
            "type": "array",
            "orientation": "vertical",
            "v_alignment": "center",
            "content": [
              {
                "type": "item",
                "item": "difficulty",
                "h_alignment": "center"
              },
              {
                "type": "item",
                "item": "artifactcheck",
                "h_alignment": "center",
                "margin": "0,20,0,0"
              }
            ]
          }
        ]
      }
    ]
  },

  "settings": {
    "type": "array",
    "orientation": "vertical",
    "h_alignment": "center",
    "margin": "0,20,0,0",
    "content": [
      {
        "type": "item",
        "item": "normalsequencebreaks",
        "width": 490,
        "height": 25
      },
      {
        "type": "item",
        "item": "hardsequencebreaks",
        "width": 469,
        "height": 25
      },
      {
        "type": "item",
        "item": "acsetting",
        "margin": "0,10,0,0",
        "width": 263,
        "height": 24
      }
    ]
  },

  "tracker_capture_item": {
    "type": "array",
    "orientation": "horizontal",
    "margin": "0,0",
    "content": [
      {
        "type": "itemgrid",
        "item_margin": "3,3",
        "h_alignment": "left",
        "v_alignment": "center",
        "item_size": 48,
        "rows": [
          [ "charge", "super",       "morph",  "space",   "varia",       "missile"   ],
          [ "wave",   "wavecombo",   "bomb",   "grapple", "gravityitem", "etank"     ],
          [ "ice",    "icecombo",    "boost",  "thermal", "phazon",      "powerbomb" ],
          [ "plasma", "plasmacombo", "spider", "xray",    "",            ""          ]
        ]
      },
      {
        "type": "canvas",
        "margin": "10,5",
        "v_alignment": "center",
        "width": 250,
        "height": 237,
        "content": [
          {
            "type": "item",
            "item": "truth",
            "canvas_depth": 1,
            "width": 50,
            "height": 41,
            "canvas_left": 166,
            "canvas_top": 88
          },
          {
            "type": "item",
            "item": "strength",
            "canvas_depth": 1,
            "width": 53,
            "height": 32,
            "canvas_left": 111,
            "canvas_top": 76
          },
          {
            "type": "item",
            "item": "elder",
            "canvas_depth": 1,
            "width": 47,
            "height": 35,
            "canvas_left": 163,
            "canvas_top": 134
          },
          {
            "type": "item",
            "item": "wild",
            "canvas_depth": 1,
            "width": 44,
            "height": 35,
            "canvas_left": 75,
            "canvas_top": 94
          },
          {
            "type": "item",
            "item": "lifegiver",
            "canvas_depth": 1,
            "width": 44,
            "height": 37,
            "canvas_left": 115,
            "canvas_top": 151
          },
          {
            "type": "item",
            "item": "warrior",
            "canvas_depth": 1,
            "width": 30,
            "height": 26,
            "canvas_left": 90,
            "canvas_top": 134
          },
          {
            "type": "item",
            "item": "chozo",
            "canvas_depth": 0,
            "width": 126,
            "height": 111,
            "canvas_left": 120,
            "canvas_top": 0
          },
          {
            "type": "item",
            "item": "nature",
            "canvas_depth": 0,
            "width": 102,
            "height": 59,
            "canvas_left": 13,
            "canvas_top": 52
          },
          {
            "type": "item",
            "item": "sun",
            "canvas_depth": 0,
            "width": 34,
            "height": 53,
            "canvas_left": 216,
            "canvas_top": 115
          },
          {
            "type": "item",
            "item": "world",
            "canvas_depth": 2,
            "width": 71,
            "height": 41,
            "canvas_left": 0,
            "canvas_top": 115
          },
          {
            "type": "item",
            "item": "spirit",
            "canvas_depth": 1,
            "width": 89,
            "height": 73,
            "canvas_left": 158,
            "canvas_top": 164
          },
          {
            "type": "item",
            "item": "newborn",
            "canvas_depth": 0,
            "width": 93,
            "height": 74,
            "canvas_left": 53,
            "canvas_top": 156
          }
        ]
      }
    ]
  },

  "tracker_default": {
    "type": "container",
    "background": "#000000",
    "content": {
      "type": "dock",
      "dropshadow": true,
      "content": [
        {
          "type": "dock",
          "dock": "left",
          "v_alignment": "stretch",
          "content": [
            {
              "type": "group",
              "header": "Items",
              "dock": "top",
              "content": {
                "type": "layout",
                "key": "shared_item_grid"
              }
            },
            {
              "type": "group",
              "header": "Pinned Locations",
              "content": {
                "type": "recentpins",
                "style": "wrap",
                "h_alignment": "stretch",
                "v_alignment": "stretch",
                "orientation": "vertical",
                "compact": true
              }
            }
          ]
        },
        {
          "type": "tabbed",
          "tabs": [
            {
              "title": "Tallon Overworld",
              "icon": "images/icon_tallon.png",
              "content": {
                "type": "map",
                "maps": [
                  "tallonoverworld"
                ]
              }
            },
            {
              "title": "Chozo Ruins",
              "icon": "images/icon_chozo.png",
              "content": {
                "type": "map",
                "maps": [
                  "chozoruins"
                ]
              }
            },
            {
              "title": "Magmoor Caverns",
              "icon": "images/icon_magmoor.png",
              "content": {
                "type": "map",
                "maps": [
                  "magmoorcaverns"
                ]
              }
            },
            {
              "title": "Phendrana Drifts",
              "icon": "images/icon_phendrana.png",
              "content": {
                "type": "map",
                "maps": [
                  "phendranadrifts"
                ]
              }
            },
            {
              "title": "Phazon Mines",
              "icon": "images/icon_phazon.png",
              "content": {
                "type": "map",
                "maps": [
                  "phazonmines"
                ]
              }
            },
            {
              "title": "Settings",
              "icon": "images/icon_settings.png",
              "content": {
                "type": "layout",
                "key": "settings"
              }
            }
          ]
        }
      ]
    }
  },
  "tracker_horizontal": {
    "type": "container",
    "background": "#000000",
    "content": {
      "type": "dock",
      "dropshadow": true,
      "content": [
        {
          "type": "dock",
          "dock": "bottom",
          "content": [
            {
              "type": "group",
              "header": "Items",
              "dock": "left",
              "margin": "0,0,3,0",
              "content": {
                "type": "layout",
                "h_alignment": "center",
                "v_alignment": "center",
                "key": "shared_item_grid"
              }
            },
            {
              "type": "group",
              "header": "Pinned Locations",
              "content": {
                "type": "recentpins",
                "style": "wrap",
                "h_alignment": "stretch",
                "v_alignment": "stretch",
                "orientation": "horizontal",
                "compact": true
              }
            }
          ]
        },
        {
          "type": "tabbed",
          "tabs": [
            {
              "title": "Tallon Overworld",
              "icon": "images/icon_tallon.png",
              "content": {
                "type": "map",
                "maps": [
                  "tallonoverworld"
                ]
              }
            },
            {
              "title": "Chozo Ruins",
              "icon": "images/icon_chozo.png",
              "content": {
                "type": "map",
                "maps": [
                  "chozoruins"
                ]
              }
            },
            {
              "title": "Magmoor Caverns",
              "icon": "images/icon_magmoor.png",
              "content": {
                "type": "map",
                "maps": [
                  "magmoorcaverns"
                ]
              }
            },
            {
              "title": "Phendrana Drifts",
              "icon": "images/icon_phendrana.png",
              "content": {
                "type": "map",
                "maps": [
                  "phendranadrifts"
                ]
              }
            },
            {
              "title": "Phazon Mines",
              "icon": "images/icon_phazon.png",
              "content": {
                "type": "map",
                "maps": [
                  "phazonmines"
                ]
              }
            },
            {
              "title": "Settings",
              "icon": "images/icon_settings.png",
              "content": {
                "type": "layout",
                "key": "settings"
              }
            }
          ]
        }
      ]
    }
  }
}
