{
  "tracker_capture_item": {
    "type": "layout",
    "key": "shared_item_grid"
  },

  "tracker_default": {
    "type": "container",
    "background": "#000000",
    "content": {
      "type": "dock",
      "dropshadow": true,
      "content": [
        {
          "type": "dock",
          "dock": "left",
          "v_alignment": "stretch",
          "content": [
            {
              "type": "group",
              "header": "Items",
              "dock": "top",
              "content": {
                "type": "array",
                "orientation": "horizontal",
                "margin": "0,0",
                "content": [
                  {
                    "type": "layout",
                    "key": "shared_item_grid"
                  },
                  {
                    "type": "layout",
                    "key": "artifacts",
                    "margin": "10,0"
                  },
                  {
                    "type": "item",
                    "item": "artifactcheck",
                    "height": 48,
                    "width": 48
                  }
                ]
              }
            },
            {
              "type": "group",
              "header": "Pinned Locations",
              "content": {
                "type": "recentpins",
                "style": "wrap",
                "h_alignment": "stretch",
                "v_alignment": "stretch",
                "orientation": "vertical",
                "compact": true
              }
            }
          ]
        },
        {
          "type": "tabbed",
          "tabs": [
            {
              "title": "Tallon Overworld",
              "icon": "images/icon_tallon.png",
              "content": {
                "type": "map",
                "maps": [
                  "tallonoverworld"
                ]
              }
            },
            {
              "title": "Chozo Ruins",
              "icon": "images/icon_chozo.png",
              "content": {
                "type": "map",
                "maps": [
                  "chozoruins"
                ]
              }
            },
            {
              "title": "Magmoor Caverns",
              "icon": "images/icon_magmoor.png",
              "content": {
                "type": "map",
                "maps": [
                  "magmoorcaverns"
                ]
              }
            },
            {
              "title": "Phendrana Drifts",
              "icon": "images/icon_phendrana.png",
              "content": {
                "type": "map",
                "maps": [
                  "phendranadrifts"
                ]
              }
            },
            {
              "title": "Phazon Mines",
              "icon": "images/icon_phazon.png",
              "content": {
                "type": "map",
                "maps": [
                  "phazonmines"
                ]
              }
            },
            {
              "title": "Settings",
              "icon": "images/icon_settings.png",
              "content": {
                "type": "layout",
                "key": "settings"
              }
            }
          ]
        }
      ]
    }
  },
  "tracker_horizontal": {
    "type": "container",
    "background": "#000000",
    "content": {
      "type": "dock",
      "dropshadow": true,
      "content": [
        {
          "type": "dock",
          "dock": "bottom",
          "content": [
            {
              "type": "group",
              "header": "Items",
              "dock": "left",
              "margin": "0,0,3,0",
              "content": {
                "type": "array",
                "orientation": "horizontal",
                "margin": "0,0",
                "content": [
                  {
                    "type": "layout",
                    "key": "shared_item_grid"
                  },
                  {
                    "type": "layout",
                    "key": "artifacts",
                    "margin": "10,0"
                  },
                  {
                    "type": "item",
                    "item": "artifactcheck",
                    "margin": "0,20,0,0",
                    "height": 48,
                    "width": 48
                  }
                ]
              }
            },
            {
              "type": "group",
              "header": "Pinned Locations",
              "content": {
                "type": "recentpins",
                "style": "wrap",
                "h_alignment": "stretch",
                "v_alignment": "stretch",
                "orientation": "horizontal",
                "compact": true
              }
            }
          ]
        },
        {
          "type": "tabbed",
          "tabs": [
            {
              "title": "Tallon Overworld",
              "icon": "images/icon_tallon.png",
              "content": {
                "type": "map",
                "maps": [
                  "tallonoverworld"
                ]
              }
            },
            {
              "title": "Chozo Ruins",
              "icon": "images/icon_chozo.png",
              "content": {
                "type": "map",
                "maps": [
                  "chozoruins"
                ]
              }
            },
            {
              "title": "Magmoor Caverns",
              "icon": "images/icon_magmoor.png",
              "content": {
                "type": "map",
                "maps": [
                  "magmoorcaverns"
                ]
              }
            },
            {
              "title": "Phendrana Drifts",
              "icon": "images/icon_phendrana.png",
              "content": {
                "type": "map",
                "maps": [
                  "phendranadrifts"
                ]
              }
            },
            {
              "title": "Phazon Mines",
              "icon": "images/icon_phazon.png",
              "content": {
                "type": "map",
                "maps": [
                  "phazonmines"
                ]
              }
            },
            {
              "title": "Settings",
              "icon": "images/icon_settings.png",
              "content": {
                "type": "layout",
                "key": "settings"
              }
            }
          ]
        }
      ]
    }
  }
}
