[
  {
    "name": "All Locations",
    "children": [
      {
        "name": "Crateria",
        "color": "#d83890",
        "children": [
          {
            "name": "Major Items",
            "chest_unopened_img": "images/major_unopened.png",
            "chest_opened_img": "images/major_opened.png",
            "children": [
              {
                "name": "The Gauntlet",
                "access_rules": [
                  "@logic/gauntlet"
                ],
                "sections": [
                  {
                    "name": "Major Item",
                    "item_count": 1
                  }
                ],
                "map_locations": [
                  {
                    "map": "fullmap",
                    "x": 584,
                    "y": 144
                  },
                  {
                    "map": "crateriamap",
                    "x": 456,
                    "y": 148
                  }
                ]
              },
              {
                "name": "Bomb Torizo",
                "access_rules": [
                  "tournament,morph,@logic/red doors",

                  "casual,@logic/bomb passages,@logic/red doors",

                  "normal,morph,@logic/red doors",

                  "hard,morph,@logic/red doors",

                  "open,@logic/red doors"
                ],
                "sections": [
                  {
                    "name": "Major Item",
                    "item_count": 1
                  }
                ],
                "map_locations": [
                  {
                    "map": "fullmap",
                    "x": 840,
                    "y": 272
                  },
                  {
                    "map": "crateriamap",
                    "x": 712,
                    "y": 276
                  }
                ]
              },
              {
                "name": "Terminator",
                "access_rules": [
                  "@logic/bomb walls",

                  "tournament,speed",

                  "normal,speed",
                  "hard,speed",

                  "open"
                ],
                "sections": [
                  {
                    "name": "Major Item",
                    "item_count": 1
                  }
                ],
                "map_locations": [
                  {
                    "map": "fullmap",
                    "x": 424,
                    "y": 272
                  },
                  {
                    "map": "crateriamap",
                    "x": 296,
                    "y": 276
                  }
                ]
              }
            ]
          },
          {
            "name": "Minor Items",
            "chest_unopened_img": "images/minor_unopened.png",
            "chest_opened_img": "images/minor_opened.png",
            "children": [
              {
                "name": "Crateria Power Bomb",
                "access_rules": [
                  "@logic/can pb,speed",
                  "@logic/can pb,@logic/can fly"
                ],
                "sections": [
                  {
                    "name": "Minor Item",
                    "item_count": 1
                  }
                ],
                "map_locations": [
                  {
                    "map": "fullmap",
                    "x": 1096,
                    "y": 112
                  },
                  {
                    "map": "crateriamap",
                    "x": 968,
                    "y": 116
                  }
                ]
              },
              {
                "name": "Outside Wrecked Ship (bottom)",
                "access_rules": [
                  "super,@logic/can pb",

                  "open,morph"
                ],
                "sections": [
                  {
                    "name": "Minor Item",
                    "item_count": 1
                  }
                ],
                "map_locations": [
                  {
                    "map": "fullmap",
                    "x": 1256,
                    "y": 240
                  },
                  {
                    "map": "crateriamap",
                    "x": 1128,
                    "y": 244
                  }
                ]
              },
              {
                "name": "Outside Wrecked Ship (top)",
                "access_rules": [
                  "super,@logic/can pb",

                  "open"
                ],
                "sections": [
                  {
                    "name": "Minor Item",
                    "item_count": 1
                  }
                ],
                "map_locations": [
                  {
                    "map": "fullmap",
                    "x": 1290,
                    "y": 78
                  },
                  {
                    "map": "crateriamap",
                    "x": 1160,
                    "y": 84
                  }
                ]
              },
              {
                "name": "Outside Wrecked Ship (middle)",
                "access_rules": [
                  "super,@logic/can pb",

                  "open,morph,super"
                ],
                "sections": [
                  {
                    "name": "Minor Item",
                    "item_count": 1
                  }
                ],
                "map_locations": [
                  {
                    "map": "fullmap",
                    "x": 1256,
                    "y": 143
                  },
                  {
                    "map": "crateriamap",
                    "x": 1128,
                    "y": 148
                  }
                ]
              },
              {
                "name": "Crateria Moat Missile",
                "access_rules": [
                  "super,@logic/can pb",

                  "open"
                ],
                "sections": [
                  {
                    "name": "Minor Item",
                    "item_count": 1
                  }
                ],
                "map_locations": [
                  {
                    "map": "fullmap",
                    "x": 1192,
                    "y": 208
                  },
                  {
                    "map": "crateriamap",
                    "x": 1064,
                    "y": 212
                  }
                ]
              },
              {
                "name": "Crateria Missile (bottom)",
                "access_rules": [
                  "@logic/bomb walls"
                ],
                "sections": [
                  {
                    "name": "Minor Item",
                    "item_count": 1
                  }
                ],
                "map_locations": [
                  {
                    "map": "fullmap",
                    "x": 680,
                    "y": 656
                  },
                  {
                    "map": "crateriamap",
                    "x": 552,
                    "y": 660
                  }
                ]
              },
              {
                "name": "After Gauntlet",
                "access_rules": [
                  "@logic/gauntlet,@logic/bomb passages"
                ],
                "sections": [
                  {
                    "name": "Minor Item (left)",
                    "item_count": 1
                  },
                  {
                    "name": "Minor Item (right)",
                    "item_count": 1
                  }
                ],
                "map_locations": [
                  {
                    "map": "fullmap",
                    "x": 392,
                    "y": 176
                  },
                  {
                    "map": "crateriamap",
                    "x": 264,
                    "y": 180
                  }
                ]
              },
              {
                "name": "Crateria Super Missile",
                "access_rules": [
                  "@logic/can pb,speed,etank:1",
                  "@logic/can pb,speed,varia",
                  "@logic/can pb,speed,gravity"
                ],
                "sections": [
                  {
                    "name": "Minor Item",
                    "item_count": 1
                  }
                ],
                "map_locations": [
                  {
                    "map": "fullmap",
                    "x": 808,
                    "y": 368
                  },
                  {
                    "map": "crateriamap",
                    "x": 680,
                    "y": 372
                  }
                ]
              },
              {
                "name": "Crateria Missile (middle)",
                "access_rules": [
                  "@logic/bomb passages"
                ],
                "sections": [
                  {
                    "name": "Minor Item",
                    "item_count": 1
                  }
                ],
                "map_locations": [
                  {
                    "map": "fullmap",
                    "x": 552,
                    "y": 304
                  },
                  {
                    "map": "crateriamap",
                    "x": 424,
                    "y": 308
                  }
                ]
              }
            ]
          }
        ]
      },
      {
        "name": "Brinstar",
        "children": [
          {
            "name": "Blue Brinstar",
            "color": "#081848",
            "children": [
              {
                "name": "Major Items",
                "chest_unopened_img": "images/major_unopened.png",
                "chest_opened_img": "images/major_opened.png",
                "children": [
                  {
                    "name": "Morph Ball",
                    "sections": [
                      {
                        "name": "Major Item",
                        "item_count": 1
                      }
                    ],
                    "map_locations": [
                      {
                        "map": "fullmap",
                        "x": 744,
                        "y": 976
                      },
                      {
                        "map": "brinstarmap",
                        "x": 744,
                        "y": 404
                      }
                    ]
                  },
                  {
                    "name": "Brinstar Ceiling E-Tank",
                    "access_rules": [
                      "casual,@logic/can fly",
                      "casual,ice",
                      "casual,hijump",
                      "casual,speed",

                      "tournament",
                      "normal",
                      "hard",
                      "open"
                    ],
                    "sections": [
                      {
                        "name": "Major Item",
                        "item_count": 1
                      }
                    ],
                    "map_locations": [
                      {
                        "map": "fullmap",
                        "x": 936,
                        "y": 976
                      },
                      {
                        "map": "brinstarmap",
                        "x": 936,
                        "y": 404
                      }
                    ]
                  }
                ]
              },
              {
                "name": "Minor Items",
                "chest_unopened_img": "images/minor_unopened.png",
                "chest_opened_img": "images/minor_opened.png",
                "children": [
                  {
                    "name": "Blue Brinstar Missile (middle)",
                    "access_rules": [
                      "morph",

                      "casual"
                    ],
                    "sections": [
                      {
                        "name": "Minor Item",
                        "item_count": 1
                      }
                    ],
                    "map_locations": [
                      {
                        "map": "fullmap",
                        "x": 968,
                        "y": 976
                      },
                      {
                        "map": "brinstarmap",
                        "x": 968,
                        "y": 404
                      }
                    ]
                  },
                  {
                    "name": "Blue Brinstar Missile (bottom)",
                    "access_rules": [
                      "morph"
                    ],
                    "sections": [
                      {
                        "name": "Minor Item",
                        "item_count": 1
                      }
                    ],
                    "map_locations": [
                      {
                        "map": "fullmap",
                        "x": 840,
                        "y": 1008
                      },
                      {
                        "map": "brinstarmap",
                        "x": 840,
                        "y": 436
                      }
                    ]
                  },
                  {
                    "name": "Blue Brinstar Missiles (top)",
                    "access_rules": [
                      "@logic/can pb,@logic/red doors",

                      "tournament,@logic/can pb"
                    ],
                    "sections": [
                      {
                        "name": "2 Minor Items",
                        "item_count": 2
                      }
                    ],
                    "map_locations": [
                      {
                        "map": "fullmap",
                        "x": 872,
                        "y": 912
                      },
                      {
                        "map": "brinstarmap",
                        "x": 872,
                        "y": 340
                      }
                    ]
                  },
                  {
                    "name": "Blue Brinstar PB",
                    "access_rules": [
                      "@logic/can pb"
                    ],
                    "sections": [
                      {
                        "name": "Minor Item",
                        "item_count": 1
                      }
                    ],
                    "map_locations": [
                      {
                        "map": "fullmap",
                        "x": 680,
                        "y": 976
                      },
                      {
                        "map": "brinstarmap",
                        "x": 680,
                        "y": 404
                      }
                    ]
                  }
                ]
              }
            ]
          },
          {
            "name": "Green Brinstar",
            "color": "#48a848",
            "children": [
              {
                "name": "Major Items",
                "chest_unopened_img": "images/major_unopened.png",
                "chest_opened_img": "images/major_opened.png",
                "children": [
                  {
                    "name": "Brinstar Reserve Tank",
                    "access_rules": [
                      "@logic/red doors,@logic/bomb walls,morph",

                      "tournament,@logic/red doors,speed",

                      "casual,@logic/red doors,@logic/bomb walls,speed",

                      "normal,@logic/red doors,speed",

                      "hard,@logic/red doors,speed",

                      "open,@logic/red doors,speed",
                      "open,@logic/red doors,morph"
                    ],
                    "sections": [
                      {
                        "name": "Major Item",
                        "item_count": 1
                      }
                    ],
                    "map_locations": [
                      {
                        "map": "fullmap",
                        "x": 360,
                        "y": 784
                      },
                      {
                        "map": "brinstarmap",
                        "x": 360,
                        "y": 212
                      }
                    ]
                  },
                  {
                    "name": "Etecoons E-Tank",
                    "access_rules": [
                      "@logic/can pb"
                    ],
                    "sections": [
                      {
                        "name": "Major Item",
                        "item_count": 1
                      }
                    ],
                    "map_locations": [
                      {
                        "map": "fullmap",
                        "x": 136,
                        "y": 976
                      },
                      {
                        "map": "brinstarmap",
                        "x": 136,
                        "y": 404
                      }
                    ]
                  }
                ]
              },
              {
                "name": "Minor Items",
                "chest_unopened_img": "images/minor_unopened.png",
                "chest_opened_img": "images/minor_opened.png",
                "children": [
                  {
                    "name": "Green Brinstar Power Bomb",
                    "access_rules": [
                      "@logic/can pb"
                    ],
                    "sections": [
                      {
                        "name": "Minor Item",
                        "item_count": 1
                      }
                    ],
                    "map_locations": [
                      {
                        "map": "fullmap",
                        "x": 328,
                        "y": 880
                      },
                      {
                        "map": "brinstarmap",
                        "x": 328,
                        "y": 308
                      }
                    ]
                  },
                  {
                    "name": "Green Brinstar Missile (below super)",
                    "access_rules": [
                      "tournament,@logic/bomb passages,@logic/red doors",
                      "casual,@logic/bomb passages,@logic/red doors",
                      "normal,@logic/bomb passages,@logic/red doors",
                      "hard,@logic/bomb passages,@logic/red doors",

                      "open,@logic/red doors"
                    ],
                    "sections": [
                      {
                        "name": "Minor Item",
                        "item_count": 1
                      }
                    ],
                    "map_locations": [
                      {
                        "map": "fullmap",
                        "x": 296,
                        "y": 784
                      },
                      {
                        "map": "brinstarmap",
                        "x": 296,
                        "y": 212
                      }
                    ]
                  },
                  {
                    "name": "Green Brinstar Super (top)",
                    "access_rules": [
                      "@logic/red doors,@logic/bomb walls,morph",

                      "tournament,@logic/red doors,speed",

                      "casual,@logic/red doors,@logic/bomb walls,speed",

                      "normal,@logic/red doors,speed",

                      "hard,@logic/red doors,speed",

                      "open,@logic/red doors,speed",
                      "open,@logic/red doors,morph"
                    ],
                    "sections": [
                      {
                        "name": "Minor Item",
                        "item_count": 1
                      }
                    ],
                    "map_locations": [
                      {
                        "map": "fullmap",
                        "x": 264,
                        "y": 752
                      },
                      {
                        "map": "brinstarmap",
                        "x": 264,
                        "y": 180
                      }
                    ]
                  },
                  {
                    "name": "Behind Brinstar Reserve",
                    "access_rules": [
                      "@logic/red doors"
                    ],
                    "sections": [
                      {
                        "name": "Minor Item (front)",
                        "access_rules": [
                          "@logic/bomb walls,morph"
                        ],
                        "item_count": 1
                      },
                      {
                        "name": "Minor Item (back)",
                        "access_rules": [
                          "@logic/bomb passages"
                        ],
                        "item_count": 1
                      }
                    ],
                    "map_locations": [
                      {
                        "map": "fullmap",
                        "x": 392,
                        "y": 784
                      },
                      {
                        "map": "brinstarmap",
                        "x": 392,
                        "y": 212
                      }
                    ]
                  },
                  {
                    "name": "Green Brinstar Missile (pipe)",
                    "access_rules": [
                      "@logic/bomb passages,super",
                      "@logic/can pb",

                      "open,morph"
                    ],
                    "sections": [
                      {
                        "name": "Minor Item",
                        "item_count": 1
                      }
                    ],
                    "map_locations": [
                      {
                        "map": "fullmap",
                        "x": 648,
                        "y": 1008
                      },
                      {
                        "map": "brinstarmap",
                        "x": 648,
                        "y": 436
                      }
                    ]
                  },
                  {
                    "name": "Green Brinstar Super (bottom)",
                    "access_rules": [
                      "@logic/can pb,super"
                    ],
                    "sections": [
                      {
                        "name": "Minor Item",
                        "item_count": 1
                      }
                    ],
                    "map_locations": [
                      {
                        "map": "fullmap",
                        "x": 104,
                        "y": 976
                      },
                      {
                        "map": "brinstarmap",
                        "x": 104,
                        "y": 404
                      }
                    ]
                  }
                ]
              }
            ]
          },
          {
            "name": "Pink Brinstar",
            "color": "#704858",
            "access_rules": [
              "@logic/bomb walls,@logic/red doors",
              "@logic/can pb",

              "open"
            ],
            "children": [
              {
                "name": "Major Items",
                "chest_unopened_img": "images/major_unopened.png",
                "chest_opened_img": "images/major_opened.png",
                "children": [
                  {
                    "name": "Charge Beam",
                    "sections": [
                      {
                        "name": "Major Item",
                        "item_count": 1
                      }
                    ],
                    "map_locations": [
                      {
                        "map": "fullmap",
                        "x": 488,
                        "y": 1008
                      },
                      {
                        "map": "brinstarmap",
                        "x": 488,
                        "y": 436
                      }
                    ]
                  },
                  {
                    "name": "Waterway E-Tank",
                    "access_rules": [
                      "@logic/can pb,@logic/red doors,speed"
                    ],
                    "sections": [
                      {
                        "name": "Major Item",
                        "item_count": 1
                      }
                    ],
                    "map_locations": [
                      {
                        "map": "fullmap",
                        "x": 200,
                        "y": 1072
                      },
                      {
                        "map": "brinstarmap",
                        "x": 200,
                        "y": 500
                      }
                    ]
                  },
                  {
                    "name": "Brinstar Gate E-Tank",
                    "access_rules": [
                      "@logic/can pb,wave",

                      "tournament,@logic/can pb,super,hijump",

                      "casual,@logic/can pb,super",

                      "normal,@logic/can pb,super",

                      "hard,@logic/can pb,super",

                      "open,wave",
                      "open,super"
                    ],
                    "sections": [
                      {
                        "name": "Major Item",
                        "item_count": 1
                      }
                    ],
                    "map_locations": [
                      {
                        "map": "fullmap",
                        "x": 616,
                        "y": 912
                      },
                      {
                        "map": "brinstarmap",
                        "x": 616,
                        "y": 340
                      }
                    ]
                  }
                ]
              },
              {
                "name": "Minor Items",
                "chest_unopened_img": "images/minor_unopened.png",
                "chest_opened_img": "images/minor_opened.png",
                "children": [
                  {
                    "name": "Pink Brinstar Super",
                    "access_rules": [
                      "@logic/bomb passages,super"
                    ],
                    "sections": [
                      {
                        "name": "Minor Item",
                        "item_count": 1
                      }
                    ],
                    "map_locations": [
                      {
                        "map": "fullmap",
                        "x": 712,
                        "y": 944
                      },
                      {
                        "map": "brinstarmap",
                        "x": 712,
                        "y": 372
                      }
                    ]
                  },
                  {
                    "name": "Pink Brinstar Missile (top)",
                    "sections": [
                      {
                        "name": "Minor Item",
                        "item_count": 1
                      }
                    ],
                    "map_locations": [
                      {
                        "map": "fullmap",
                        "x": 487,
                        "y": 879
                      },
                      {
                        "map": "brinstarmap",
                        "x": 488,
                        "y": 404
                      }
                    ]
                  },
                  {
                    "name": "Pink Brinstar Missile (bottom)",
                    "sections": [
                      {
                        "name": "Minor Item",
                        "item_count": 1
                      }
                    ],
                    "map_locations": [
                      {
                        "map": "fullmap",
                        "x": 488,
                        "y": 976
                      },
                      {
                        "map": "brinstarmap",
                        "x": 488,
                        "y": 308
                      }
                    ]
                  },
                  {
                    "name": "Pink Brinstar PB",
                    "access_rules": [
                      "@logic/can pb,super"
                    ],
                    "sections": [
                      {
                        "name": "Minor Item",
                        "item_count": 1
                      }
                    ],
                    "map_locations": [
                      {
                        "map": "fullmap",
                        "x": 424,
                        "y": 912
                      },
                      {
                        "map": "brinstarmap",
                        "x": 424,
                        "y": 340
                      }
                    ]
                  }
                ]
              }
            ]
          },
          {
            "name": "Red Brinstar",
            "color": "#601820",
            "access_rules": [
              "super,@logic/can bomb",
              "super,@logic/can pb",
              "super,morph,screw",

              "open"
            ],
            "children": [
              {
                "name": "Major Items",
                "chest_unopened_img": "images/major_unopened.png",
                "chest_opened_img": "images/major_opened.png",
                "children": [
                  {
                    "name": "X-Ray Scope",
                    "access_rules": [
                      "@logic/can pb,grapple",
                      "@logic/can pb,space",

                      "tournament,@logic/can pb,varia,alltanks:4",
                      "tournament,@logic/can pb,alltanks:6",

                      "normal,@logic/can pb,varia,alltanks:4",
                      "normal,@logic/can pb,gravity,alltanks:3",
                      "normal,@logic/can pb,alltanks:6",

                      "hard,@logic/can pb,alltanks:1",

                      "open,@logic/can pb,varia,alltanks:3",
                      "open,@logic/can pb,alltanks:6"
                    ],
                    "sections": [
                      {
                        "name": "Major Item",
                        "item_count": 1
                      }
                    ],
                    "map_locations": [
                      {
                        "map": "fullmap",
                        "x": 680,
                        "y": 1136
                      },
                      {
                        "map": "brinstarmap",
                        "x": 680,
                        "y": 564
                      }
                    ]
                  },
                  {
                    "name": "Spazer",
                    "access_rules": [
                      "tournament",

                      "casual,@logic/bomb passages",

                      "normal,@logic/bomb passages",

                      "hard,@logic/red tower,@logic/bomb passages",

                      "open"
                    ],
                    "sections": [
                      {
                        "name": "Major Item",
                        "item_count": 1
                      }
                    ],
                    "map_locations": [
                      {
                        "map": "fullmap",
                        "x": 1160,
                        "y": 1200
                      },
                      {
                        "map": "brinstarmap",
                        "x": 1160,
                        "y": 628
                      }
                    ]
                  }
                ]
              },
              {
                "name": "Minor Items",
                "chest_unopened_img": "images/minor_unopened.png",
                "chest_opened_img": "images/minor_opened.png",
                "children": [
                  {
                    "name": "Red Brinstar PB (sidehopper)",
                    "access_rules": [
                      "@logic/can pb"
                    ],
                    "sections": [
                      {
                        "name": "Minor Item",
                        "item_count": 1
                      }
                    ],
                    "map_locations": [
                      {
                        "map": "fullmap",
                        "x": 1064,
                        "y": 912
                      },
                      {
                        "map": "brinstarmap",
                        "x": 1064,
                        "y": 340
                      }
                    ]
                  },
                  {
                    "name": "Red Brinstar PB (spikes)",
                    "access_rules": [
                      "tournament,@logic/can pb",
                      "casual,@logic/can pb",
                      "normal,@logic/can pb",
                      "hard,@logic/can pb",

                      "open,super"
                    ],
                    "sections": [
                      {
                        "name": "Minor Item",
                        "item_count": 1
                      }
                    ],
                    "map_locations": [
                      {
                        "map": "fullmap",
                        "x": 1064,
                        "y": 1008
                      },
                      {
                        "map": "brinstarmap",
                        "x": 1064,
                        "y": 436
                      }
                    ]
                  },
                  {
                    "name": "Red Brinstar Missile",
                    "access_rules": [
                      "tournament,@logic/can pb",
                      "casual,@logic/can pb",
                      "normal,@logic/can pb",
                      "hard,@logic/can pb",

                      "open,@logic/can pb,super"
                    ],
                    "sections": [
                      {
                        "name": "Minor Item",
                        "item_count": 1
                      }
                    ],
                    "map_locations": [
                      {
                        "map": "fullmap",
                        "x": 1032,
                        "y": 1008
                      },
                      {
                        "map": "brinstarmap",
                        "x": 1032,
                        "y": 436
                      }
                    ]
                  }
                ]
              }
            ]
          },
          {
            "name": "Kraid",
            "color": "#007038",
            "access_rules": [
              "tournament,@logic/red brinstar,@logic/bomb passages",
              "casual,@logic/red brinstar,@logic/bomb passages",
              "normal,@logic/red brinstar,@logic/bomb passages",

              "hard,@logic/red tower,@logic/bomb passages",

              "open"
            ],
            "children": [
              {
                "name": "Major Items",
                "chest_unopened_img": "images/major_unopened.png",
                "chest_opened_img": "images/major_opened.png",
                "children": [
                  {
                    "name": "Kraid E-Tank",
                    "sections": [
                      {
                        "name": "Major Item",
                        "item_count": 1
                      }
                    ],
                    "map_locations": [
                      {
                        "map": "fullmap",
                        "x": 1320,
                        "y": 1264
                      },
                      {
                        "map": "brinstarmap",
                        "x": 1320,
                        "y": 692
                      }
                    ]
                  },
                  {
                    "name": "Varia Suit",
                    "sections": [
                      {
                        "name": "Major Item",
                        "item_count": 1
                      }
                    ],
                    "map_locations": [
                      {
                        "map": "fullmap",
                        "x": 1768,
                        "y": 1264
                      },
                      {
                        "map": "brinstarmap",
                        "x": 1768,
                        "y": 692
                      }
                    ]
                  }
                ]
              },
              {
                "name": "Minor Items",
                "chest_unopened_img": "images/minor_unopened.png",
                "chest_opened_img": "images/minor_opened.png",
                "children": [
                  {
                    "name": "Kraid Missile",
                    "access_rules": [
                      "@logic/can pb"
                    ],
                    "sections": [
                      {
                        "name": "Minor Item",
                        "item_count": 1
                      }
                    ],
                    "map_locations": [
                      {
                        "map": "fullmap",
                        "x": 1448,
                        "y": 1232
                      },
                      {
                        "map": "brinstarmap",
                        "x": 1448,
                        "y": 660
                      }
                    ]
                  }
                ]
              }
            ]
          }
        ]
      },
      {
        "name": "Norfair",
        "children": [
          {
            "name": "Upper Norfair",
            "color": "#b81818",
            "children": [
              {
                "name": "Major Items",
                "chest_unopened_img": "images/major_unopened.png",
                "chest_opened_img": "images/major_opened.png",
                "children": [
                  {
                    "name": "Ice Beam",
                    "access_rules": [
                      "tournament,@logic/kraid,varia",
                      "tournament,@logic/kraid,alltanks:2",

                      "casual,@logic/kraid,varia,speed",

                      "normal,@logic/kraid,varia",
                      "normal,@logic/kraid,alltanks:2",

                      "hard,@logic/kraid,varia",
                      "hard,@logic/kraid,alltanks:2",

                      "open,morph,varia",
                      "open,morph,alltanks:2"
                    ],
                    "sections": [
                      {
                        "name": "Major Item",
                        "item_count": 1
                      }
                    ],
                    "map_locations": [
                      {
                        "map": "fullmap",
                        "x": 1096,
                        "y": 1360
                      },
                      {
                        "map": "norfairmap",
                        "x": 216,
                        "y": 148
                      }
                    ]
                  },
                  {
                    "name": "Crocomire E-Tank",
                    "access_rules": [
                      "@logic/crocomire"
                    ],
                    "sections": [
                      {
                        "name": "Major Item",
                        "item_count": 1
                      }
                    ],
                    "map_locations": [
                      {
                        "map": "fullmap",
                        "x": 1544,
                        "y": 1616
                      },
                      {
                        "map": "norfairmap",
                        "x": 664,
                        "y": 404
                      }
                    ]
                  },
                  {
                    "name": "Hi-Jump Boots",
                    "access_rules": [
                      "tournament,@logic/red brinstar",

                      "casual,@logic/red brinstar",

                      "normal,@logic/red brinstar",

                      "hard,@logic/red tower",

                      "open,morph"
                    ],
                    "sections": [
                      {
                        "name": "Major Item",
                        "item_count": 1
                      }
                    ],
                    "map_locations": [
                      {
                        "map": "fullmap",
                        "x": 1160,
                        "y": 1488
                      },
                      {
                        "map": "norfairmap",
                        "x": 280,
                        "y": 276
                      }
                    ]
                  },
                  {
                    "name": "Grapple Beam",
                    "access_rules": [
                      "tournament,@logic/crocomire,@logic/can fly",
                      "tournament,@logic/crocomire,ice",
                      "tournament,@logic/crocomire,speed",

                      "casual,@logic/crocomire,@logic/can fly",
                      "casual,@logic/crocomire,ice",
                      "casual,@logic/crocomire,speed",

                      "normal,@logic/crocomire,@logic/can fly",
                      "normal,@logic/crocomire,ice",
                      "normal,@logic/crocomire,speed",

                      "hard,@logic/crocomire,morph,@logic/can fly",
                      "hard,@logic/crocomire,morph,ice",
                      "hard,@logic/crocomire,morph,speed",

                      "open,@logic/crocomire,super,gravity",
                      "open,@logic/crocomire,super,@logic/can fly",
                      "open,@logic/crocomire,super,hijump,ice",
                      "open,@logic/crocomire,super,hijump,speed"
                    ],
                    "sections": [
                      {
                        "name": "Major Item",
                        "item_count": 1
                      }
                    ],
                    "map_locations": [
                      {
                        "map": "fullmap",
                        "x": 1032,
                        "y": 1808
                      },
                      {
                        "map": "norfairmap",
                        "x": 152,
                        "y": 596
                      }
                    ]
                  },
                  {
                    "name": "Norfair Reserve Tank/Missile",
                    "access_rules": [
                      "notopen,@logic/heated norfair,@logic/can fly",
                      "notopen,@logic/heated norfair,grapple",
                      "notopen,@logic/heated norfair,hijump",

                      "open,@logic/heated norfair,super,morph"
                    ],
                    "sections": [
                      {
                        "name": "Major Item",
                        "access_rules": [
                          "tournament",
                          "casual",
                          "normal",

                          "open",

                          "hard,ice",
                          "hard,spring"
                        ],
                        "item_count": 1
                      },
                      {
                        "name": "Minor Item",
                        "chest_unopened_img": "images/minor_unopened.png",
                        "chest_opened_img": "images/minor_opened.png",
                        "item_count": 1
                      }
                    ],
                    "map_locations": [
                      {
                        "map": "fullmap",
                        "x": 1512,
                        "y": 1360
                      },
                      {
                        "map": "norfairmap",
                        "x": 632,
                        "y": 148
                      }
                    ]
                  },
                  {
                    "name": "Speed Booster",
                    "access_rules": [
                      "tournament,@logic/heated norfair",

                      "casual,@logic/heated norfair,hijump",

                      "normal,@logic/heated norfair",
                      "hard,@logic/heated norfair",
                      "open,@logic/heated norfair"
                    ],
                    "sections": [
                      {
                        "name": "Major Item",
                        "item_count": 1
                      }
                    ],
                    "map_locations": [
                      {
                        "map": "fullmap",
                        "x": 2120,
                        "y": 1360
                      },
                      {
                        "map": "norfairmap",
                        "x": 1240,
                        "y": 148
                      }
                    ]
                  },
                  {
                    "name": "Wave Beam",
                    "access_rules": [
                      "tournament,@logic/heated norfair",

                      "casual,@logic/heated norfair,hijump",

                      "normal,@logic/heated norfair",
                      "hard,@logic/heated norfair",
                      "open,@logic/heated norfair"
                    ],
                    "sections": [
                      {
                        "name": "Major Item",
                        "item_count": 1
                      }
                    ],
                    "map_locations": [
                      {
                        "map": "fullmap",
                        "x": 1864,
                        "y": 1424
                      },
                      {
                        "map": "norfairmap",
                        "x": 984,
                        "y": 212
                      }
                    ]
                  }
                ]
              },
              {
                "name": "Minor Items",
                "chest_unopened_img": "images/minor_unopened.png",
                "chest_opened_img": "images/minor_opened.png",
                "children": [
                  {
                    "name": "Norfair Missile (lava room)",
                    "access_rules": [
                      "@logic/heated norfair"
                    ],
                    "sections": [
                      {
                        "name": "Minor Item",
                        "item_count": 1
                      }
                    ],
                    "map_locations": [
                      {
                        "map": "fullmap",
                        "x": 1448,
                        "y": 1424
                      },
                      {
                        "map": "norfairmap",
                        "x": 568,
                        "y": 212
                      }
                    ]
                  },
                  {
                    "name": "Norfair Missile (below ice)",
                    "access_rules": [
                      "@logic/kraid,@logic/can pb,@logic/can hellrun"
                    ],
                    "sections": [
                      {
                        "name": "Minor Item",
                        "item_count": 1
                      }
                    ],
                    "map_locations": [
                      {
                        "map": "fullmap",
                        "x": 1000,
                        "y": 1424
                      },
                      {
                        "map": "norfairmap",
                        "x": 120,
                        "y": 212
                      }
                    ]
                  },
                  {
                    "name": "Crocomire Missile (above)",
                    "access_rules": [
                      "@logic/crocomire,@logic/can fly",
                      "@logic/crocomire,grapple",
                      "@logic/crocomire,hijump,speed"
                    ],
                    "sections": [
                      {
                        "name": "Minor Item",
                        "item_count": 1
                      }
                    ],
                    "map_locations": [
                      {
                        "map": "fullmap",
                        "x": 1288,
                        "y": 1488
                      },
                      {
                        "map": "norfairmap",
                        "x": 408,
                        "y": 276
                      }
                    ]
                  },
                  {
                    "name": "Hi-Jump Missile",
                    "access_rules": [
                      "tournament,@logic/red brinstar",

                      "casual,@logic/red brinstar",

                      "normal,@logic/red brinstar",

                      "hard,@logic/red tower",

                      "open,morph"
                    ],
                    "sections": [
                      {
                        "name": "Minor Item",
                        "item_count": 1
                      }
                    ],
                    "map_locations": [
                      {
                        "map": "fullmap",
                        "x": 1192,
                        "y": 1456
                      },
                      {
                        "map": "norfairmap",
                        "x": 312,
                        "y": 244
                      }
                    ]
                  },
                  {
                    "name": "Hi-Jump E-Tank",
                    "access_rules": [
                      "tournament,@logic/red brinstar",

                      "casual,@logic/red brinstar",

                      "normal,@logic/red brinstar",

                      "hard,@logic/red tower",

                      "open"
                    ],
                    "sections": [
                      {
                        "name": "MINOR ITEM",
                        "item_count": 1
                      }
                    ],
                    "map_locations": [
                      {
                        "map": "fullmap",
                        "x": 1224,
                        "y": 1456
                      },
                      {
                        "map": "norfairmap",
                        "x": 344,
                        "y": 244
                      }
                    ]
                  },
                  {
                    "name": "Crocomire Power Bomb",
                    "access_rules": [
                      "@logic/crocomire"
                    ],
                    "sections": [
                      {
                        "name": "Minor Item",
                        "item_count": 1
                      }
                    ],
                    "map_locations": [
                      {
                        "map": "fullmap",
                        "x": 1224,
                        "y": 1616
                      },
                      {
                        "map": "norfairmap",
                        "x": 344,
                        "y": 404
                      }
                    ]
                  },
                  {
                    "name": "Crocomire Missile (below)",
                    "access_rules": [
                      "@logic/crocomire"
                    ],
                    "sections": [
                      {
                        "name": "Minor Item",
                        "item_count": 1
                      }
                    ],
                    "map_locations": [
                      {
                        "map": "fullmap",
                        "x": 1384,
                        "y": 1776
                      },
                      {
                        "map": "norfairmap",
                        "x": 504,
                        "y": 564
                      }
                    ]
                  },
                  {
                    "name": "Grapple Beam Missile",
                    "access_rules": [
                      "@logic/crocomire,@logic/can fly",
                      "@logic/crocomire,grapple",
                      "@logic/crocomire,speed"
                    ],
                    "sections": [
                      {
                        "name": "Minor Item",
                        "item_count": 1
                      }
                    ],
                    "map_locations": [
                      {
                        "map": "fullmap",
                        "x": 1192,
                        "y": 1776
                      },
                      {
                        "map": "norfairmap",
                        "x": 312,
                        "y": 564
                      }
                    ]
                  },
                  {
                    "name": "Bubble Norfair Missile (green door)",
                    "access_rules": [
                      "notopen,@logic/heated norfair,@logic/can fly",
                      "notopen,@logic/heated norfair,grapple",
                      "notopen,@logic/heated norfair,hijump",

                      "open,@logic/heated norfair,super"
                    ],
                    "sections": [
                      {
                        "name": "Minor Item",
                        "item_count": 1
                      }
                    ],
                    "map_locations": [
                      {
                        "map": "fullmap",
                        "x": 1608,
                        "y": 1360
                      },
                      {
                        "map": "norfairmap",
                        "x": 728,
                        "y": 148
                      }
                    ]
                  },
                  {
                    "name": "Bubble Norfair Missile",
                    "access_rules": [
                      "@logic/heated norfair"
                    ],
                    "sections": [
                      {
                        "name": "Minor Item",
                        "item_count": 1
                      }
                    ],
                    "map_locations": [
                      {
                        "map": "fullmap",
                        "x": 1672,
                        "y": 1456
                      },
                      {
                        "map": "norfairmap",
                        "x": 792,
                        "y": 244
                      }
                    ]
                  },
                  {
                    "name": "Speed Booster Missile",
                    "access_rules": [
                      "@logic/heated norfair"
                    ],
                    "sections": [
                      {
                        "name": "Minor Item",
                        "item_count": 1
                      }
                    ],
                    "map_locations": [
                      {
                        "map": "fullmap",
                        "x": 2088,
                        "y": 1360
                      },
                      {
                        "map": "norfairmap",
                        "x": 1208,
                        "y": 148
                      }
                    ]
                  },
                  {
                    "name": "Wave Beam Missile",
                    "access_rules": [
                      "@logic/heated norfair"
                    ],
                    "sections": [
                      {
                        "name": "Minor Item",
                        "item_count": 1
                      }
                    ],
                    "map_locations": [
                      {
                        "map": "fullmap",
                        "x": 1768,
                        "y": 1424
                      },
                      {
                        "map": "norfairmap",
                        "x": 888,
                        "y": 212
                      }
                    ]
                  }
                ]
              }
            ]
          },
          {
            "name": "Lower Norfair",
            "color": "#700010",
            "access_rules": [
              "tournament,@logic/heated norfair,powerbomb,varia,hijump",
              "tournament,@logic/heated norfair,powerbomb,varia,gravity",

              "casual,@logic/heated norfair,@logic/can pb,varia,gravity",

              "normal,@logic/heated norfair,@logic/can pb,varia,hijump",
              "normal,@logic/heated norfair,@logic/can pb, varia,gravity",

              "hard,@logic/heated norfair,@logic/can pb,varia",
              "hard,@logic/heated norfair,@logic/can pb,alltanks:10,@logic/crystal flash",

              "open,@logic/heated norfair,varia"
            ],
            "children": [
              {
                "name": "Major Items",
                "chest_unopened_img": "images/major_unopened.png",
                "chest_opened_img": "images/major_opened.png",
                "children": [
                  {
                    "name": "Ridley E-Tank",
                    "access_rules": [
                      "tournament,@logic/worst room",

                      "casual,@logic/worst room,alltanks:5",

                      "normal,@logic/worst room,alltanks:2",

                      "hard,@logic/worst room,alltanks:2",

                      "open,@logic/worst room,@logic/can pb,alltanks:2"
                    ],
                    "sections": [
                      {
                        "name": "Major Item",
                        "item_count": 1
                      }
                    ],
                    "map_locations": [
                      {
                        "map": "fullmap",
                        "x": 1640,
                        "y": 1840
                      },
                      {
                        "map": "norfairmap",
                        "x": 760,
                        "y": 628
                      }
                    ]
                  },
                  {
                    "name": "Screw Attack",
                    "sections": [
                      {
                        "name": "Major Item",
                        "item_count": 1
                      }
                    ],
                    "map_locations": [
                      {
                        "map": "fullmap",
                        "x": 1576,
                        "y": 1808
                      },
                      {
                        "map": "norfairmap",
                        "x": 696,
                        "y": 596
                      }
                    ]
                  },
                  {
                    "name": "Fire Fleas E-Tank",
                    "access_rules": [
                      "@logic/worst room"
                    ],
                    "sections": [
                      {
                        "name": "Major Item",
                        "item_count": 1
                      }
                    ],
                    "map_locations": [
                      {
                        "map": "fullmap",
                        "x": 2122,
                        "y": 1646
                      },
                      {
                        "map": "norfairmap",
                        "x": 1240,
                        "y": 436
                      }
                    ]
                  }
                ]
              },
              {
                "name": "Minor Items",
                "chest_unopened_img": "images/minor_unopened.png",
                "chest_opened_img": "images/minor_opened.png",
                "children": [
                  {
                    "name": "Gold Torizo Missile",
                    "access_rules": [
                      "space"
                    ],
                    "sections": [
                      {
                        "name": "Minor Item",
                        "item_count": 1
                      }
                    ],
                    "map_locations": [
                      {
                        "map": "fullmap",
                        "x": 1512,
                        "y": 1776
                      },
                      {
                        "map": "norfairmap",
                        "x": 632,
                        "y": 564
                      }
                    ]
                  },
                  {
                    "name": "Gold Torizo Super",
                    "sections": [
                      {
                        "name": "Minor Item",
                        "item_count": 1
                      }
                    ],
                    "map_locations": [
                      {
                        "map": "fullmap",
                        "x": 1544,
                        "y": 1776
                      },
                      {
                        "map": "norfairmap",
                        "x": 664,
                        "y": 564
                      }
                    ]
                  },
                  {
                    "name": "Mickey Mouse Missile",
                    "access_rules": [
                      "notopen,@logic/worst room",

                      "open,@logic/worst room,morph"
                    ],
                    "sections": [
                      {
                        "name": "Disney Item",
                        "item_count": 1
                      }
                    ],
                    "map_locations": [
                      {
                        "map": "fullmap",
                        "x": 1832,
                        "y": 1616
                      },
                      {
                        "map": "norfairmap",
                        "x": 952,
                        "y": 404
                      }
                    ]
                  },
                  {
                    "name": "Missile Above Fire Fleas",
                    "access_rules": [
                      "@logic/worst room"
                    ],
                    "sections": [
                      {
                        "name": "Minor Item",
                        "item_count": 1
                      }
                    ],
                    "map_locations": [
                      {
                        "map": "fullmap",
                        "x": 2056,
                        "y": 1456
                      },
                      {
                        "map": "norfairmap",
                        "x": 1176,
                        "y": 244
                      }
                    ]
                  },
                  {
                    "name": "PB Above Fire Fleas",
                    "access_rules": [
                      "notopen,@logic/worst room",

                      "open,@logic/worst room,@logic/bomb passages"
                    ],
                    "sections": [
                      {
                        "name": "Minor Item",
                        "item_count": 1
                      }
                    ],
                    "map_locations": [
                      {
                        "map": "fullmap",
                        "x": 2120,
                        "y": 1488
                      },
                      {
                        "map": "norfairmap",
                        "x": 1240,
                        "y": 276
                      }
                    ]
                  },
                  {
                    "name": "Power Bombs of Shame",
                    "access_rules": [
                      "notopen,@logic/worst room",

                      "open,@logic/worst room,@logic/bomb passages"
                    ],
                    "sections": [
                      {
                        "name": "Shameful Item",
                        "item_count": 1
                      }
                    ],
                    "map_locations": [
                      {
                        "map": "fullmap",
                        "x": 1960,
                        "y": 1744
                      },
                      {
                        "map": "norfairmap",
                        "x": 1080,
                        "y": 532
                      }
                    ]
                  },
                  {
                    "name": "Missiles Near Wave",
                    "access_rules": [
                      "notopen,@logic/worst room",

                      "open,@logic/worst room,@logic/bomb passages"
                    ],
                    "sections": [
                      {
                        "name": "Minor Item",
                        "item_count": 1
                      }
                    ],
                    "map_locations": [
                      {
                        "map": "fullmap",
                        "x": 1864,
                        "y": 1456
                      },
                      {
                        "map": "norfairmap",
                        "x": 984,
                        "y": 244
                      }
                    ]
                  }
                ]
              }
            ]
          }
        ]
      },
      {
        "name": "Wrecked Ship",
        "color": "#707048",
        "access_rules": [
          "super,@logic/can pb",

          "open"
        ],
        "children": [
          {
            "name": "Major Items",
            "chest_unopened_img": "images/major_unopened.png",
            "chest_opened_img": "images/major_opened.png",
            "children": [
              {
                "name": "Wrecked Ship Reserve Tank",
                "access_rules": [
                  "tournament,speed,varia",
                  "tournament,speed,alltanks:1",

                  "casual,speed,varia,alltanks:1",
                  "casual,speed,alltanks:2",

                  "normal,speed,varia",
                  "normal,speed,gravity",
                  "normal,speed,alltanks:1",

                  "hard,speed,varia",
                  "hard,speed,gravity",
                  "hard,speed,alltanks:1",

                  "open,speed,@logic/can pb,varia",
                  "open,speed,@logic/can pb,alltanks:1"
                ],
                "sections": [
                  {
                    "name": "Major Item",
                    "item_count": 1
                  }
                ],
                "map_locations": [
                  {
                    "map": "fullmap",
                    "x": 1608,
                    "y": 112
                  },
                  {
                    "map": "wreckedshipmap",
                    "x": 504,
                    "y": 180
                  }
                ]
              },
             {
                "name": "Wrecked Ship E-Tank",
                "access_rules": [
                  "tournament",

                  "normal",
                  "hard",
                  "open",

                  "casual,gravity",
                  "casual,hijump",
                  "casual,space",
                  "casual,speed"
                ],
                "sections": [
                  {
                    "name": "Major Item",
                    "item_count": 1
                  }
                ],
                "map_locations": [
                  {
                    "map": "fullmap",
                    "x": 1704,
                    "y": 176
                  },
                  {
                    "map": "wreckedshipmap",
                    "x": 600,
                    "y": 244
                  }
                ]
              },
              {
                "name": "Wrecked Ship Super (right)",
                "sections": [
                  {
                    "name": "MAJOR ITEM",
                    "item_count": 1
                  }
                ],
                "map_locations": [
                  {
                    "map": "fullmap",
                    "x": 1800,
                    "y": 304
                  },
                  {
                    "map": "wreckedshipmap",
                    "x": 696,
                    "y": 372
                  }
                ]
              },
              {
                "name": "Gravity Suit",
                "access_rules": [
                  "tournament,varia",
                  "tournament,alltanks:1",

                  "casual,varia,alltanks:1",
                  "casual,alltanks:2",

                  "normal,varia",
                  "normal,gravity",
                  "normal,alltanks:1",

                  "hard,varia",
                  "hard,gravity",
                  "hard,alltanks:1",

                  "open,morph,varia",
                  "open,morph,alltanks:1"
                ],
                "sections": [
                  {
                    "name": "Major Item",
                    "item_count": 1
                  }
                ],
                "map_locations": [
                  {
                    "map": "fullmap",
                    "x": 1448,
                    "y": 176
                  },
                  {
                    "map": "wreckedshipmap",
                    "x": 344,
                    "y": 244
                  }
                ]
              }
            ]
          },
          {
            "name": "Minor Items",
            "chest_unopened_img": "images/minor_unopened.png",
            "chest_opened_img": "images/minor_opened.png",
            "children": [
              {
                "name": "Wrecked Ship Missile (middle)",
                "access_rules": [
                  "notopen",

                  "open,@logic/bomb passages"
                ],
                "sections": [
                  {
                    "name": "Minor Item",
                    "item_count": 1
                  }
                ],
                "map_locations": [
                  {
                    "map": "fullmap",
                    "x": 1512,
                    "y": 272
                  },
                  {
                    "map": "wreckedshipmap",
                    "x": 408,
                    "y": 340
                  }
                ]
              },
              {
                "name": "Gravity Suit Missile",
                "access_rules": [
                  "tournament,varia",
                  "tournament,alltanks:1",

                  "casual,varia,alltanks:1",
                  "casual,alltanks:2",

                  "normal,varia",
                  "normal,gravity",
                  "normal,alltanks:1",

                  "hard,varia",
                  "hard,gravity",
                  "hard,alltanks:1",

                  "open,@logic/bomb passages,varia",
                  "open,@logic/bomb passages,alltanks:1"
                ],
                "sections": [
                  {
                    "name": "Minor Item",
                    "item_count": 1
                  }
                ],
                "map_locations": [
                  {
                    "map": "fullmap",
                    "x": 1542,
                    "y": 176
                  },
                  {
                    "map": "wreckedshipmap",
                    "x": 440,
                    "y": 244
                  }
                ]
              },
              {
                "name": "Wrecked Ship Missile (top)",
                "sections": [
                  {
                    "name": "Minor Item",
                    "item_count": 1
                  }
                ],
                "map_locations": [
                  {
                    "map": "fullmap",
                    "x": 1798,
                    "y": 79
                  },
                  {
                    "map": "wreckedshipmap",
                    "x": 696,
                    "y": 148
                  }
                ]
              },
              {
                "name": "Wrecked Ship Super (left)",
                "sections": [
                  {
                    "name": "Minor Item",
                    "item_count": 1
                  }
                ],
                "map_locations": [
                  {
                    "map": "fullmap",
                    "x": 1608,
                    "y": 304
                  },
                  {
                    "map": "wreckedshipmap",
                    "x": 504,
                    "y": 372
                  }
                ]
              }
            ]
          }
        ]
      },
      {
        "name": "Maridia",
        "access_rules": [
          "@logic/outer maridia"
        ],
        "children": [
          {
            "name": "Green Maridia",
            "color": "#409078",
            "children": [
              {
                "name": "Major Items",
                "chest_unopened_img": "images/major_unopened.png",
                "chest_opened_img": "images/major_opened.png",
                "children": [
                  {
                    "name": "Mama Turtle E-Tank",
                    "access_rules": [
                      "@logic/can fly",
                      "grapple",

                      "notopen,speed",

                      "open,speed,gravity"
                    ],
                    "sections": [
                      {
                        "name": "Major Item",
                        "item_count": 1
                      }
                    ],
                    "map_locations": [
                      {
                        "map": "fullmap",
                        "x": 1416,
                        "y": 1040
                      },
                      {
                        "map": "maridiamap",
                        "x": 488,
                        "y": 468
                      }
                    ]
                  },
                  {
                    "name": "Maridia Reserve Sand Pit (left)",
                    "access_rules": [
                      "tournament",

                      "notopen,@logic/inner maridia",

                      "open,@logic/inner maridia,morph"
                    ],
                    "sections": [
                      {
                        "name": "Major Item",
                        "access_rules": [
                          "tournament,@logic/suitless maridia",
                          "tournament,gravity",

                          "casual",
                          "normal",
                          "hard",
                          "open"
                        ],
                        "item_count": 1
                      },
                      {
                        "name": "Minor Item",
                        "chest_unopened_img": "images/minor_unopened.png",
                        "chest_opened_img": "images/minor_opened.png",
                        "access_rules": [
                          "tournament,gravity",

                          "casual",
                          "normal",
                          "hard",
                          "open"
                        ],
                        "item_count": 1
                      }
                    ],
                    "map_locations": [
                      {
                        "map": "fullmap",
                        "x": 1480,
                        "y": 1104
                      },
                      {
                        "map": "maridiamap",
                        "x": 552,
                        "y": 532
                      }
                    ]
                  },
                  {
                    "name": "Spring Ball",
                    "access_rules": [
                      "tournament,@logic/inner maridia,ice",
                      "tournament,@logic/inner maridia,grapple,@logic/can fly",
                      "tournament,@logic/inner maridia,grapple,hijump",

                      "casual,grapple,space",

                      "normal,gravity,ice",
                      "normal,gravity,grapple",
                      "normal,spring,hijump,ice",

                      "hard,gravity,ice",
                      "hard,gravity,grapple",
                      "hard,spring,hijump,ice",

                      "open,morph,gravity,ice",
                      "open,morph,gravity,grapple",
                      "open,morph,spring,hijump,ice"
                    ],
                    "sections": [
                      {
                        "name": "Major Item",
                        "item_count": 1
                      }
                    ],
                    "map_locations": [
                      {
                        "map": "fullmap",
                        "x": 1896,
                        "y": 1168
                      },
                      {
                        "map": "maridiamap",
                        "x": 968,
                        "y": 596
                      }
                    ]
                  }
                ]
              },
              {
                "name": "Minor Items",
                "chest_unopened_img": "images/minor_unopened.png",
                "chest_opened_img": "images/minor_opened.png",
                "children": [
                  {
                    "name": "Green Maridia Missile (shinespark)",
                    "access_rules": [
                      "gravity,speed"
                    ],
                    "sections": [
                      {
                        "name": "Minor Item",
                        "item_count": 1
                      }
                    ],
                    "map_locations": [
                      {
                        "map": "fullmap",
                        "x": 1160,
                        "y": 1040
                      },
                      {
                        "map": "maridiamap",
                        "x": 232,
                        "y": 468
                      }
                    ]
                  },
                  {
                    "name": "Green Maridia Super",
                    "access_rules": [
                      "notopen",

                      "open,morph,spring",
                      "open,@logic/bomb passages"
                    ],
                    "sections": [
                      {
                        "name": "Minor Item",
                        "item_count": 1
                      }
                    ],
                    "map_locations": [
                      {
                        "map": "fullmap",
                        "x": 1192,
                        "y": 1008
                      },
                      {
                        "map": "maridiamap",
                        "x": 264,
                        "y": 436
                      }
                    ]
                  },
                  {
                    "name": "Green Maridia Tatori Missile",
                    "sections": [
                      {
                        "name": "Minor Item",
                        "item_count": 1
                      }
                    ],
                    "map_locations": [
                      {
                        "map": "fullmap",
                        "x": 1448,
                        "y": 1072
                      },
                      {
                        "map": "maridiamap",
                        "x": 520,
                        "y": 500
                      }
                    ]
                  },
                  {
                    "name": "Maridia Sand Pit Missile (right)",
                    "access_rules": [
                      "@logic/inner maridia"
                    ],
                    "sections": [
                      {
                        "name": "Minor Item",
                        "item_count": 1
                      }
                    ],
                    "map_locations": [
                      {
                        "map": "fullmap",
                        "x": 1576,
                        "y": 1104
                      },
                      {
                        "map": "maridiamap",
                        "x": 648,
                        "y": 532
                      }
                    ]
                  },
                  {
                    "name": "Maridia Sand Pit PB",
                    "access_rules": [
                      "notopen,gravity",

                      "open,gravity,morph"
                    ],
                    "sections": [
                      {
                        "name": "Minor Item",
                        "item_count": 1
                      }
                    ],
                    "map_locations": [
                      {
                        "map": "fullmap",
                        "x": 1608,
                        "y": 1136
                      },
                      {
                        "map": "maridiamap",
                        "x": 680,
                        "y": 564
                      }
                    ]
                  }
                ]
              }
            ]
          },
          {
            "name": "Pink Maridia",
            "color": "#a04890",
            "children": [
              {
                "name": "Major Items",
                "chest_unopened_img": "images/major_unopened.png",
                "chest_opened_img": "images/major_opened.png",
                "children": [
                  {
                    "name": "Botwoon E-Tank",
                    "access_rules": [
                      "notopen,@logic/botwoon",

                      "tournament,@logic/suitless maridia",

                      "open,@logic/inner maridia"
                    ],
                    "sections": [
                      {
                        "name": "Major Item",
                        "item_count": 1
                      }
                    ],
                    "map_locations": [
                      {
                        "map": "fullmap",
                        "x": 1768,
                        "y": 912
                      },
                      {
                        "map": "maridiamap",
                        "x": 840,
                        "y": 340
                      }
                    ]
                  },
                  {
                    "name": "Space Jump",
                    "access_rules": [
                      "@logic/draygon"
                    ],
                    "sections": [
                      {
                        "name": "Major Item",
                        "item_count": 1
                      }
                    ],
                    "map_locations": [
                      {
                        "map": "fullmap",
                        "x": 2056,
                        "y": 976
                      },
                      {
                        "map": "maridiamap",
                        "x": 1128,
                        "y": 404
                      }
                    ]
                  }
                ]
              },
              {
                "name": "Minor Items",
                "chest_unopened_img": "images/minor_unopened.png",
                "chest_opened_img": "images/minor_opened.png",
                "children": [
                  {
                    "name": "Pink Maridia Missile",
                    "access_rules": [
                      "gravity"
                    ],
                    "sections": [
                      {
                        "name": "Minor Item",
                        "item_count": 1
                      }
                    ],
                    "map_locations": [
                      {
                        "map": "fullmap",
                        "x": 1608,
                        "y": 944
                      },
                      {
                        "map": "maridiamap",
                        "x": 680,
                        "y": 372
                      }
                    ]
                  },
                  {
                    "name": "Pink Maridia Super",
                    "access_rules": [
                      "gravity"
                    ],
                    "sections": [
                      {
                        "name": "Minor Item",
                        "item_count": 1
                      }
                    ],
                    "map_locations": [
                      {
                        "map": "fullmap",
                        "x": 1640,
                        "y": 944
                      },
                      {
                        "map": "maridiamap",
                        "x": 712,
                        "y": 372
                      }
                    ]
                  },
                  {
                    "name": "Draygon Missle",
                    "access_rules": [
                      "@logic/botwoon"
                    ],
                    "sections": [
                      {
                        "name": "Minor Item",
                        "item_count": 1
                      }
                    ],
                    "map_locations": [
                      {
                        "map": "fullmap",
                        "x": 2184,
                        "y": 880
                      },
                      {
                        "map": "maridiamap",
                        "x": 1256,
                        "y": 308
                      }
                    ]
                  }
                ]
              }
            ]
          },
          {
            "name": "Yellow Maridia",
            "color": "#907830",
            "access_rules": [
              "@logic/inner maridia"
            ],
            "children": [
              {
                "name": "Major Items",
                "chest_unopened_img": "images/major_unopened.png",
                "chest_opened_img": "images/major_opened.png",
                "children": [
                  {
                    "name": "Plasma Beam",
                    "access_rules": [
                      "tournament,speed",
                      "tournament,@logic/draygon,charge,@logic/can fly",
                      "tournament,@logic/draygon,charge,hijump",
                      "tournament,@logic/draygon,screw,@logic/can fly",
                      "tournament,@logic/draygon,screw,hijump",

                      "casual,@logic/draygon,space,plasma",
                      "casual,@logic/draygon,space,screw",

                      "normal,@logic/draygon,speed",
                      "normal,@logic/draygon,charge,@logic/can fly",
                      "normal,@logic/draygon,charge,hijump",
                      "normal,@logic/draygon,screw,@logic/can fly",
                      "normal,@logic/draygon,screw,hijump",

                      "hard,@logic/draygon,speed",
                      "hard,@logic/draygon,charge,@logic/can fly",
                      "hard,@logic/draygon,charge,hijump",
                      "hard,@logic/draygon,screw,@logic/can fly",
                      "hard,@logic/draygon,screw,hijump",

                      "open,@logic/draygon,morph,speed",
                      "open,@logic/draygon,morph,charge,@logic/can fly",
                      "open,@logic/draygon,morph,charge,hijump",
                      "open,@logic/draygon,morph,screw,@logic/can fly",
                      "open,@logic/draygon,morph,screw,hijump"
                    ],
                    "sections": [
                      {
                        "name": "Major Item",
                        "item_count": 1
                      }
                    ],
                    "map_locations": [
                      {
                        "map": "fullmap",
                        "x": 1736,
                        "y": 720
                      },
                      {
                        "map": "maridiamap",
                        "x": 808,
                        "y": 148
                      }
                    ]
                  }
                ]
              },
              {
                "name": "Minor Items",
                "chest_unopened_img": "images/minor_unopened.png",
                "chest_opened_img": "images/minor_opened.png",
                "children": [
                  {
                    "name": "Yellow Maridia Super/Missile",
                    "access_rules": [
                      "notopen",

                      "open,morph"
                    ],
                    "sections": [
                      {
                        "name": "2 Minor Items",
                        "item_count": 2
                      }
                    ],
                    "map_locations": [
                      {
                        "map": "fullmap",
                        "x": 1224,
                        "y": 848
                      },
                      {
                        "map": "maridiamap",
                        "x": 296,
                        "y": 276
                      }
                    ]
                  },
                  {
                    "name": "Yellow Maridia False Wall",
                    "sections": [
                      {
                        "name": "Minor Item",
                        "item_count": 1
                      }
                    ],
                    "map_locations": [
                      {
                        "map": "fullmap",
                        "x": 1480,
                        "y": 848
                      },
                      {
                        "map": "maridiamap",
                        "x": 552,
                        "y": 276
                      }
                    ]
                  }
                ]
              }
            ]
          }
        ]
      }
    ]
  }
]
