[
  {
    "name": "logic",
    "sections": [
      {
        "name": "can hellrun",
        "access_rules": [
          "varia",

          "tournament,alltanks:3",

          "normal,alltanks:3",
          "hard,alltanks:3",
          "open,alltanks:3",

          "casual,alltanks:3,[varia]"
        ],
        "item_count": 1
      },
      {
        "name": "can bomb",
        "access_rules": [
          "morph,bomb"
        ],
        "item_count": 1
      },
      {
        "name": "can pb",
        "access_rules": [
          "morph,powerbomb"
        ],
        "item_count": 1
      },
      {
        "name": "can fly",
        "access_rules": [
          "space",

          "tournament,@logic/can bomb",

          "normal,@logic/can bomb",
          "hard,@logic/can bomb",
          "open,@logic/can bomb",

          "casual,@logic/can bomb,[space]"
        ],
        "item_count": 1
      },
      {
        "name": "red doors",
        "access_rules": [
          "missile",
          "super"
        ],
        "item_count": 1
      },
      {
        "name": "bomb walls",
        "access_rules": [
          "@logic/can bomb",
          "@logic/can pb",
          "screw"
        ],
        "item_count": 1
      },
      {
        "name": "crystal flash",
        "access_rules": [
          "missile:10,super:10,powerbomb:15"
        ],
        "item_count": 1
      },
      {
        "name": "gauntlet",
        "access_rules": [
          "tournament,@logic/can bomb",
          "tournament,@logic/can fly,@logic/can pb,powerbomb:10",
          "tournament,@logic/can fly,screw",
          "tournament,@logic/can fly,speed,@logic/can pb,alltanks:2",
          "tournament,hijump,@logic/can pb,powerbomb:10",
          "tournament,hijump,screw",
          "tournament,hijump,speed,@logic/can pb,alltanks:2",
          "tournament,speed,@logic/can pb,powerbomb:10",
          "tournament,speed,screw",
          "tournament,speed,@logic/can pb,alltanks:2",

          "casual,alltanks:3,@logic/can bomb",
          "casual,alltanks:3,@logic/can pb,powerbomb:10",
          "casual,alltanks:3,screw",

          "normal,alltanks:3,@logic/can bomb",
          "normal,alltanks:3,@logic/can pb,powerbomb:10",
          "normal,alltanks:3,screw",

          "hard,alltanks:3,@logic/can bomb",
          "hard,alltanks:3,@logic/can pb,powerbomb:10",
          "hard,alltanks:3,screw",

          "open,@logic/can bomb",
          "open,@logic/can fly,@logic/can pb,powerbomb:10",
          "open,@logic/can fly,screw",
          "open,@logic/can fly,speed,@logic/can pb,alltanks:2",
          "open,hijump,@logic/can pb,powerbomb:10",
          "open,hijump,screw",
          "open,hijump,speed,@logic/can pb,alltanks:2",
          "open,speed,@logic/can pb,powerbomb:10",
          "open,speed,screw",
          "open,speed,@logic/can pb,alltanks:2"
        ],
        "item_count": 1
      },
      {
        "name": "bomb passages",
        "access_rules": [
          "@logic/can bomb",
          "@logic/can pb"
        ],
        "item_count": 1
      },
      {
        "name": "red brinstar",
        "access_rules": [
          "super,@logic/can bomb",
          "super,@logic/can pb",
          "super,morph,screw",

          "open"
        ],
        "item_count": 1
      },
      {
        "name": "red tower",
        "access_rules": [
          "hard,@logic/red brinstar,@logic/can fly",
          "hard,@logic/red brinstar,ice",
          "hard,@logic/red brinstar,speed",
          "hard,@logic/red brinstar,hijump",
          "hard,@logic/red brinstar,spring,morph"
        ],
        "item_count": 1
      },
      {
        "name": "kraid",
        "access_rules": [
          "tournament,@logic/red brinstar,@logic/bomb passages",
          "casual,@logic/red brinstar,@logic/bomb passages",
          "normal,@logic/red brinstar,@logic/bomb passages",

          "hard,@logic/red tower,@logic/bomb passages",

          "open"
        ],
        "item_count": 1
      },
      {
        "name": "heated norfair",
        "access_rules": [
          "tournament,@logic/red brinstar,@logic/can hellrun",

          "casual,@logic/red brinstar,@logic/can hellrun,[@logic/can fly]",
          "casual,@logic/red brinstar,@logic/can hellrun,[hijump]",

          "normal,@logic/red brinstar,@logic/can hellrun,[@logic/can fly]",
          "normal,@logic/red brinstar,@logic/can hellrun,[hijump]",

          "hard,@logic/red tower,@logic/can fly,@logic/can hellrun",
          "hard,@logic/red tower,hijump,@logic/can hellrun",
          "hard,@logic/red tower,alltanks:10",
          "hard,@logic/red tower,speed,ice,@logic/can hellrun",
          "hard,@logic/red tower,speed,@logic/can pb,@logic/can hellrun",

          "open,@logic/can hellrun"
        ],
        "item_count": 1
      },
      {
        "name": "crocomire",
        "access_rules": [
          "tournament,@logic/heated norfair",
          "tournament,@logic/kraid,@logic/can pb,speed,alltanks:2",

          "casual,@logic/heated norfair,[speed],[@logic/can pb]",
          "casual,@logic/heated norfair,[wave]",

          "normal,@logic/heated norfair",
          "normal,@logic/kraid,@logic/can pb,@logic/can hellrun,speed",

          "hard,@logic/heated norfair",
          "hard,@logic/red tower,@logic/can hellrun,speed",

          "open,@logic/heated norfair,morph",
          "open,@logic/can hellrun,speed"
        ],
        "item_count": 1
      },
      {
        "name": "worst room",
        "access_rules": [
          "tournament,@logic/can fly",
          "tournament,ice",
          "tournament,hijump",

          "casual,@logic/can fly",
          "casual,hijump",

          "normal,@logic/can fly",
          "normal,ice",
          "normal,speed",

          "hard,@logic/can fly",
          "hard,ice",
          "hard,hijump",
          "hard,varia",

          "open"
        ],
        "item_count": 1
      },
      {
        "name": "outer maridia",
        "access_rules": [
          "tournament,@logic/red brinstar,@logic/can pb,gravity",
          "tournament,@logic/red brinstar,@logic/can pb,hijump,ice",

          "casual,@logic/red brinstar,@logic/can pb,gravity",

          "normal,@logic/red brinstar,@logic/can pb,gravity",
          "normal,@logic/red brinstar,@logic/can pb,hijump,ice",

          "hard,@logic/red tower,@logic/can pb,gravity",
          "hard,@logic/red tower,@logic/can pb,hijump,ice",

          "open,gravity",
          "open,hijump,ice",
          "open,hijump,morph,spring"
        ],
        "item_count": 1
      },
      {
        "name": "inner maridia",
        "access_rules": [
          "tournament,@logic/red brinstar,@logic/can pb,gravity",

          "casual,@logic/red brinstar,@logic/can pb,@logic/can fly,gravity",

          "normal,@logic/red brinstar,@logic/can pb,gravity",
          "normal,@logic/red brinstar,@logic/can pb,hijump,ice,grapple",

          "hard,@logic/red tower,@logic/can pb,gravity",
          "hard,@logic/red tower,@logic/can pb,hijump,ice",

          "open,gravity",
          "open,hijump,grapple,ice",
          "open,hijump,grapple,morph,spring"
        ],
        "item_count": 1
      },
      {
        "name": "suitless maridia",
        "access_rules": [
          "hijump,ice,grapple"
        ],
        "item_count": 1
      },
      {
        "name": "botwoon",
        "access_rules": [
          "tournament,@logic/inner maridia,ice",
          "tournament,@logic/inner maridia,speed",

          "casual,@logic/inner maridia,speed",

          "normal,@logic/inner maridia,ice",
          "normal,@logic/inner maridia,speed",

          "hard,@logic/inner maridia,ice",
          "hard,@logic/inner maridia,speed,gravity",

          "open,@logic/inner maridia,ice,morph",
          "open,@logic/inner maridia,speed,gravity",
          "open,@logic/inner maridia,speed,morph"
        ],
        "item_count": 1
      },
      {
        "name": "draygon",
        "access_rules": [
          "tournament,@logic/botwoon",

          "casual,@logic/botwoon,@logic/can fly",

          "normal,@logic/botwoon,gravity",
          "normal,@logic/botwoon,grapple,spring",
          "normal,@logic/botwoon,grapple,xray",
          "normal,@logic/botwoon,@logic/crystal flash,spring",
          "normal,@logic/botwoon,@logic/crystal flash,xray",

          "hard,@logic/botwoon,gravity",
          "hard,@logic/botwoon,@logic/crystal flash",
          "hard,@logic/botwoon,xray",

          "open,@logic/botwoon,speed,gravity",
          "open,@logic/botwoon,morph,gravity",
          "open,@logic/botwoon,morph,grapple,spring",
          "open,@logic/botwoon,morph,grapple,xray",
          "open,@logic/botwoon,@logic/crystal flash,spring",
          "open,@logic/botwoon,@logic/crystal flash,xray"
        ],
        "item_count": 1
      }
    ]
  }
]