[
  {
    "name": "Charge Beam",
    "type": "toggle",
    "loop": true,
    "img": "images/charge.png",
    "codes": "charge,chargebeam"
  },
  {
    "name": "Wave Beam",
    "type": "toggle",
    "loop": true,
    "img": "images/wave.png",
    "codes": "wave,wavebeam"
  },
  {
    "name": "Ice Beam",
    "type": "toggle",
    "loop": true,
    "img": "images/ice.png",
    "codes": "ice,icebeam"
  },
  {
    "name": "Plasma Beam",
    "type": "toggle",
    "loop": true,
    "img": "images/plasma.png",
    "codes": "plasma,plasmabeam"
  },
  {
    "name": "Super Missile",
    "type": "toggle",
    "loop": true,
    "img": "images/super.png",
    "codes": "super,supermissile,supermissiles,chargecombo"
  },
  {
    "name": "Wave Buster",
    "type": "toggle",
    "loop": true,
    "img": "images/wavebuster.png",
    "codes": "buster,wavebuster,wavecombo"
  },
  {
    "name": "Ice Spreader",
    "type": "toggle",
    "loop": true,
    "img": "images/icespreader.png",
    "codes": "spreader,icespreader,icecombo"
  },
  {
    "name": "Flamethrower",
    "type": "toggle",
    "loop": true,
    "img": "images/flamethrower.png",
    "codes":  "flamethrower,flame,plasmacombo"
  },
  {
    "name": "Grapple Beam",
    "type": "toggle",
    "loop": true,
    "img": "images/grapple.png",
    "codes": "grapple,grapplebeam"
  },
  {
    "name": "Varia Suit",
    "type": "toggle",
    "loop": true,
    "img": "images/varia.png",
    "codes": "varia,variasuit"
  },
  {
    "name": "Gravity Suit",
    "type": "progressive",
    "loop": true,
    "allow_disabled": false,
    "stages": [
      {
        "img": "images/gravity.png",
        "img_mods": "@disabled",
        "inherit_codes": false,
        "codes": "notgravity,gravityitem"
      },
      {
        "img": "images/gravity.png",
        "inherit_codes": false,
        "codes": "gravity,gravitysuit"
      }
    ]
  },
  {
    "name": "Phazon Suit",
    "type": "toggle",
    "loop": true,
    "img": "images/phazon.png",
    "codes": "phazon,phazonsuit"
  },
  {
    "name": "Morph Ball",
    "type": "toggle",
    "loop": true,
    "img": "images/morph.png",
    "codes": "morph,morphball"
  },
  {
    "name": "Bomb",
    "type": "toggle",
    "loop": true,
    "img": "images/bomb.png",
    "codes": "bomb,bombs"
  },
  {
    "name": "Boost Ball",
    "type": "toggle",
    "loop": true,
    "img": "images/boost.png",
    "codes": "boost,boostball"
  },
  {
    "name": "Spider Ball",
    "type": "toggle",
    "loop": true,
    "img": "images/spider.png",
    "codes": "spider,spiderball"
  },
  {
    "name": "Space Jump Boots",
    "type": "toggle",
    "loop": true,
    "img": "images/space.png",
    "codes": "space,spacejump,spacejumpboots"
  },
  {
    "name": "Thermal Visor",
    "type": "toggle",
    "loop": true,
    "img": "images/thermal.png",
    "codes": "thermal,thermalvisor"
  },
  {
    "name": "X-Ray Visor",
    "type": "toggle",
    "loop": true,
    "img": "images/xray.png",
    "codes": "xray,xrayvisor"
  },
  {
    "name": "E-Tanks",
    "type": "consumable",
    "img": "images/etank.png",
    "max_quantity": 14,
    "codes": "etank,etanks"
  },
  {
    "name": "Missile Capacity",
    "type": "consumable",
    "img": "images/missile.png",
    "max_quantity": 250,
    "increment": 5,
    "codes": "missile,missiles"
  },
  {
    "name": "Power Bomb Capacity",
    "type": "consumable",
    "img": "images/powerbomb.png",
    "max_quantity": 8,
    "codes": "powerbomb,powerbombs,pb,pbs"
  }
]