[
  {
    "name": "Difficulty",
    "type": "progressive",
    "allow_disabled": false,
    "loop": true,
    "stages": [
      {
        "name": "No Glitches",
        "img": "images/diff_glitchless.png",
        "inherit_codes": false,
        "codes": "difficulty,glitchless"
      },
      {
        "name": "Normal",
        "img": "images/diff_normal.png",
        "inherit_codes": false,
        "codes": "normal,sbn"
      },
      {
        "name": "Hard",
        "img": "images/diff_hard.png",
        "inherit_codes": false,
        "codes": "hard,sbh"
      }
    ]
  },
  {
    "name": "Include Normal logic as sequence breaks",
    "type": "toggle",
    "loop": true,
    "img": "images/option_sbnormal.png",
    "codes": "sbn,normalsequencebreaks"
  },
  {
    "name": "Include Hard logic as sequence breaks",
    "type": "toggle",
    "loop": true,
    "img": "images/option_sbhard.png",
    "codes": "sbh,hardsequencebreaks"
  },
  {
    "name": "Artifact Temple Checks",
    "type": "toggle",
    "loop": true,
    "img": "images/artifactcheck.png",
    "codes": "artifactcheck"
  },
  {
    "name": "Charge Beam",
    "type": "toggle",
    "loop": true,
    "img": "images/charge.png",
    "codes": "charge,chargebeam"
  },
  {
    "name": "Wave Beam",
    "type": "toggle",
    "loop": true,
    "img": "images/wave.png",
    "codes": "wave,wavebeam"
  },
  {
    "name": "Ice Beam",
    "type": "toggle",
    "loop": true,
    "img": "images/ice.png",
    "codes": "ice,icebeam"
  },
  {
    "name": "Plasma Beam",
    "type": "toggle",
    "loop": true,
    "img": "images/plasma.png",
    "codes": "plasma,plasmabeam"
  },
  {
    "name": "Super Missile",
    "type": "toggle",
    "loop": true,
    "img": "images/super.png",
    "codes": "super,supermissile,supermissiles,chargecombo"
  },
  {
    "name": "Wave Buster",
    "type": "toggle",
    "loop": true,
    "img": "images/wavebuster.png",
    "codes": "buster,wavebuster,wavecombo"
  },
  {
    "name": "Ice Spreader",
    "type": "toggle",
    "loop": true,
    "img": "images/icespreader.png",
    "codes": "spreader,icespreader,icecombo"
  },
  {
    "name": "Flamethrower",
    "type": "toggle",
    "loop": true,
    "img": "images/flamethrower.png",
    "codes":  "flamethrower,flame,plasmacombo"
  },
  {
    "name": "Grapple Beam",
    "type": "toggle",
    "loop": true,
    "img": "images/grapple.png",
    "codes": "grapple,grapplebeam"
  },
  {
    "name": "Varia Suit",
    "type": "toggle",
    "loop": true,
    "img": "images/varia.png",
    "codes": "varia,variasuit"
  },
  {
    "name": "Gravity Suit",
    "type": "progressive",
    "loop": true,
    "allow_disabled": false,
    "stages": [
      {
        "img": "images/gravity.png",
        "img_mods": "@disabled",
        "inherit_codes": false,
        "codes": "notgravity,gravityitem"
      },
      {
        "img": "images/gravity.png",
        "inherit_codes": false,
        "codes": "gravity,gravitysuit"
      }
    ]
  },
  {
    "name": "Phazon Suit",
    "type": "toggle",
    "loop": true,
    "img": "images/phazon.png",
    "codes": "phazon,phazonsuit"
  },
  {
    "name": "Morph Ball",
    "type": "toggle",
    "loop": true,
    "img": "images/morph.png",
    "codes": "morph,morphball"
  },
  {
    "name": "Bomb",
    "type": "toggle",
    "loop": true,
    "img": "images/bomb.png",
    "codes": "bomb,bombs"
  },
  {
    "name": "Boost Ball",
    "type": "toggle",
    "loop": true,
    "img": "images/boost.png",
    "codes": "boost,boostball"
  },
  {
    "name": "Spider Ball",
    "type": "toggle",
    "loop": true,
    "img": "images/spider.png",
    "codes": "spider,spiderball"
  },
  {
    "name": "Space Jump Boots",
    "type": "toggle",
    "loop": true,
    "img": "images/space.png",
    "codes": "space,spacejump,spacejumpboots"
  },
  {
    "name": "Thermal Visor",
    "type": "toggle",
    "loop": true,
    "img": "images/thermal.png",
    "codes": "thermal,thermalvisor"
  },
  {
    "name": "X-Ray Visor",
    "type": "toggle",
    "loop": true,
    "img": "images/xray.png",
    "codes": "xray,xrayvisor"
  },
  {
    "name": "E-Tanks",
    "type": "consumable",
    "img": "images/etank.png",
    "max_quantity": 14,
    "codes": "etank,etanks"
  },
  {
    "name": "Missile Capacity",
    "type": "consumable",
    "img": "images/missile.png",
    "max_quantity": 250,
    "increment": 5,
    "codes": "missile,missiles"
  },
  {
    "name": "Power Bomb Capacity",
    "type": "consumable",
    "img": "images/powerbomb.png",
    "max_quantity": 8,
    "codes": "powerbomb,powerbombs,pb,pbs"
  },
  {
    "name": "Chozo Artifacts",
    "type": "consumable",
    "img": "images/artifacts.png",
    "max_quantity": 12,
    "codes": "artifact,artifacts,art,arts,chozoartifact,chozoartifacts,allartifacts"
  },
  {
    "name": "Artifact of Truth",
    "type": "progressive",
    "loop": true,
    "allow_disabled": false,
    "mask_input": true,
    "stages": [
      {
        "img": "images/art_truth_blue.png"
      },
      {
        "img": "images/art_truth_orange.png",
        "codes": "truth,artifact1,art1,allartifacts"
      }
    ]
  },
  {
    "name": "Artifact of Strength",
    "type": "progressive",
    "loop": true,
    "allow_disabled": false,
    "mask_input": true,
    "stages": [
      {
        "img": "images/art_strength_blue.png"
      },
      {
        "img": "images/art_strength_orange.png",
        "codes": "strength,artifact2,art2,artifacts"
      }
    ]
  },
  {
    "name": "Artifact of Elder",
    "type": "progressive",
    "loop": true,
    "allow_disabled": false,
    "mask_input": true,
    "stages": [
      {
        "img": "images/art_elder_blue.png"
      },
      {
        "img": "images/art_elder_orange.png",
        "codes": "elder,artifact3,art3,artifacts"
      }
    ]
  },
  {
    "name": "Artifact of Wild",
    "type": "progressive",
    "loop": true,
    "allow_disabled": false,
    "mask_input": true,
    "stages": [
      {
        "img": "images/art_wild_blue.png"
      },
      {
        "img": "images/art_wild_orange.png",
        "codes": "wild,artifact4,art4,artifacts"
      }
    ]
  },
  {
    "name": "Artifact of Lifegiver",
    "type": "progressive",
    "loop": true,
    "allow_disabled": false,
    "mask_input": true,
    "stages": [
      {
        "img": "images/art_lifegiver_blue.png"
      },
      {
        "img": "images/art_lifegiver_orange.png",
        "codes": "lifegiver,artifact5,art5,artifacts"
      }
    ]
  },
  {
    "name": "Artifact of Warrior",
    "type": "progressive",
    "loop": true,
    "allow_disabled": false,
    "mask_input": true,
    "stages": [
      {
        "img": "images/art_warrior_blue.png"
      },
      {
        "img": "images/art_warrior_orange.png",
        "codes": "warrior,artifact6,art6,artifacts"
      }
    ]
  },
  {
    "name": "Artifact of Chozo",
    "type": "progressive",
    "loop": true,
    "allow_disabled": false,
    "mask_input": true,
    "stages": [
      {
        "img": "images/art_chozo_blue.png"
      },
      {
        "img": "images/art_chozo_orange.png",
        "codes": "chozo,artifact7,art7,artifacts"
      }
    ]
  },
  {
    "name": "Artifact of Nature",
    "type": "progressive",
    "loop": true,
    "allow_disabled": false,
    "mask_input": true,
    "stages": [
      {
        "img": "images/art_nature_blue.png"
      },
      {
        "img": "images/art_nature_orange.png",
        "codes": "nature,artifact8,art8,artifacts"
      }
    ]
  },
  {
    "name": "Artifact of Sun",
    "type": "progressive",
    "loop": true,
    "allow_disabled": false,
    "mask_input": true,
    "stages": [
      {
        "img": "images/art_sun_blue.png"
      },
      {
        "img": "images/art_sun_orange.png",
        "codes": "sun,artifact9,art9,artifacts"
      }
    ]
  },
  {
    "name": "Artifact of World",
    "type": "progressive",
    "loop": true,
    "allow_disabled": false,
    "mask_input": true,
    "stages": [
      {
        "img": "images/art_world_blue.png"
      },
      {
        "img": "images/art_world_orange.png",
        "codes": "world,artifact10,art10,artifacts"
      }
    ]
  },
  {
    "name": "Artifact of Spirit",
    "type": "progressive",
    "loop": true,
    "allow_disabled": false,
    "mask_input": true,
    "stages": [
      {
        "img": "images/art_spirit_blue.png"
      },
      {
        "img": "images/art_spirit_orange.png",
        "codes": "spirit,artifact11,art11,artifacts"
      }
    ]
  },
  {
    "name": "Artifact of Newborn",
    "type": "progressive",
    "loop": true,
    "allow_disabled": false,
    "mask_input": true,
    "stages": [
      {
        "img": "images/art_newborn_blue.png"
      },
      {
        "img": "images/art_newborn_orange.png",
        "codes": "newborn,artifact12,art12,artifacts"
      }
    ]
  }
]
