[
  {
    "name": "can",
    "sections": [
      {
        "name": "bomb",
        "access_rules": [
          "morph,bomb"
        ],
        "item_count": 1
      },
      {
        "name": "pb",
        "access_rules": [
          "morph,pb"
        ],
        "item_count": 1
      },
      {
        "name": "bomb or pb",
        "access_rules": [
          "morph,bomb",
          "morph,pb"
        ],
        "item_count": 1
      },
      {
        "name": "super",
        "access_rules": [
          "missile,charge,super"
        ],
        "item_count": 1
      },
      {
        "name": "isg",
        "access_rules": [
          "morph,bomb,boost"
        ],
        "item_count": 1
      },
      {
        "name": "floaty",
        "access_rules": [
          "morph,bomb,missile,gravity"
        ],
        "item_count": 1
      }
    ]
  },
  {
    "name": "has",
    "sections": [
      {
        "name": "any suit",
        "access_rules": [
          "varia",
          "gravity",
          "phazon"
        ],
        "item_count": 1
      },
      {
        "name": "suit break",
        "access_rules": [
          "[varia]",
          "[gravity]",
          "[phazon]"
        ],
        "item_count": 1
      }
    ]
  },
  {
    "name": "reqs",
    "sections": [
      {
        "name": "phendrana",
        "access_rules": [
          // Global access
          "@can/bomb,missile,@has/any suit",

          // Hard access
          "[hard],sbh,@can/bomb,missile,etank:5,space"
        ],
        "item_count": 1
      },
      {
        "name": "phen backwards",
        "access_rules":[
          // Global access
          "missile,morph,wave,space,spider,@has/any suit",

          // Normal access
          "[normal],sbn,missile,morph,wave,space,@has/any suit",
          "[normal],sbn,missile,morph,wave,space,etank:2",

          // Hard access
          "[hard],sbh,missile,morph,wave,space,@has/any suit",
          "[hard],sbh,missile,morph,wave,space,etank:1",
          "[hard],sbh,missile,morph,wave,spider,@has/any suit",
          "[hard],sbh,missile,morph,wave,spider,etank:2"
        ],
        "item_count": 1
      },
      // Only used for hard/sequence breaks
      {
        "name": "mags thardus",
        "access_rules": [
          "missile,morph,wave,space,@has/any suit",
          "missile,morph,wave,space,etank:1",
          "missile,morph,wave,spider,boost,@has/any suit",
          "missile,morph,wave,spider,boost,etank:2"
        ],
        "item_count": 1
      },
      // Only used for hard/sequence breaks
      {
        "name": "mags frozenpike",
        "access_rules": [
          "missile,morph,wave,ice,space,@has/any suit",
          "missile,morph,wave,ice,space,etank:1",
          "missile,morph,wave,ice,spider,@has/any suit",
          "missile,morph,wave,ice,spider,etank:2"
        ],
        "item_count": 1
      },
      {
        "name": "mines from tallon",
        "access_rules": [
          // Global access
          "@can/bomb,missile,wave,ice,space,gravity,thermal",

          // Normal access
          "[normal],sbn,@can/bomb,missile,wave,ice,space",

          // Hard access
          "[hard],sbh,@can/bomb,missile,wave,ice"
        ],
        "item_count": 1
      },
      {
        "name": "mines from magmoor",
        "access_rules": [
          // Global access
          "@can/bomb,@can/pb,missile,wave,ice,space,spider,@has/any suit",

          // Hard access
          "[hard],sbh,@can/bomb,@can/pb,missile,wave,ice,space,@has/any suit",
          "[hard],sbh,@can/bomb,@can/pb,missile,wave,ice,space,etank:1"
        ],
        "item_count": 1
      },
      {
        "name": "frigate",
        "access_rules": [
          "@can/bomb,missile,space,gravity,wave,ice,thermal"
        ],
        "item_count": 1
      },
      {
        "name": "chozohote",
        "access_rules": [
          "@can/bomb,missile,spider,space,wave,boost",
          "@can/bomb,missile,spider,space,ice"
        ],
        "item_count": 1
      },
      {
        "name": "frigate break",
        "access_rules": [
          "@can/bomb,missile,ice,[space],[gravity],[wave],[thermal]"
        ],
        "item_count": 1
      },
      {
        "name": "chozohote break",
        "access_rules": [
          "@can/bomb,missile,[spider],[space],[wave],[boost]",
          "@can/bomb,missile,[spider],[space],[ice]"
        ],
        "item_count": 1
      }
    ]
  },
  {
    "name": "Tallon Overworld",
    "color": "#316534",
    "children": [
      {
        "name": "Landing Site",
        "access_rules": [
          // Global access
          "morph",

          // Global visibility
          "{}"
        ],
        "sections": [
          {
            "name": "Missile",
            "item_count": 1,
            "capture_item": true
          }
        ],
        "map_locations": [
          {
            "map": "tallonoverworld",
            "x": 570,
            "y": 460
          }
        ]
      },
      {
        "name": "Alcove",
        "access_rules": [
          // Global access
          "@can/bomb,boost",
          "space",

          // Normal access
          "[normal],sbn",

          // Hard access
          "[hard],sbh",

          "{artifactcheck}"
        ],
        "sections": [
          {
            "name": "Space Jump",
            "item_count": 1,
            "capture_item": true
          }
        ],
        "map_locations": [
          {
            "map": "tallonoverworld",
            "x": 630,
            "y": 380
          }
        ]
      },
      {
        "name": "Artifact Temple",
        "access_rules": [
          // Global access
          "missile"
        ],
        "sections": [
          {
            "name": "Artifact of Truth",
            "item_count": 1,
            "capture_item": true
          }
        ],
        "map_locations": [
          {
            "map": "tallonoverworld",
            "x": 565,
            "y": 1040
          }
        ]
      },
      {
        "name": "Root Cave",
        "access_rules": [
          // Global access
          "missile,space,grapple,xray",

          // Normal access
          "[normal],sbn,missile,space,grapple",

          // Hard access
          "[hard],sbh,missile,space",

          "{artifactcheck}"
        ],
        "sections": [
          {
            "name": "Missile",
            "item_count": 1,
            "capture_item": true
          }
        ],
        "map_locations": [
          {
            "map": "tallonoverworld",
            "x": 135,
            "y": 585
          }
        ]
      },
      {
        "name": "Arbor Chamber",
        "access_rules": [
          // Global access
          "missile,space,plasma,grapple,xray",

          // Normal access
          "[normal],sbn,missile,space,plasma,grapple",

          // Hard access
          "[hard],sbh,missile,space,@can/bomb",
          "[hard],sbh,missile,space,plasma",

          "{artifactcheck}"
        ],
        "sections": [
          {
            "name": "Missile",
            "item_count": 1,
            "capture_item": true
          }
        ],
        "map_locations": [
          {
            "map": "tallonoverworld",
            "x": 35,
            "y": 560
          }
        ]
      },
      {
        "name": "Transport Tunnel B",
        "access_rules": [
          // Global access
          "missile",

          "{artifactcheck}"
        ],
        "sections": [
          {
            "name": "Missile",
            "item_count": 1,
            "capture_item": true
          }
        ],
        "map_locations": [
          {
            "map": "tallonoverworld",
            "x": 135,
            "y": 695
          }
        ]
      },
      {
        "name": "Frigate Crash Site",
        "access_rules": [
          // Global access
          "missile,morph,space,gravity",

          // Normal access
          "[normal],sbn,missile,morph,space",

          // Hard access
          "[hard],sbh,missile,morph",

          "{artifactcheck}"
        ],
        "sections": [
          {
            "name": "Missile",
            "item_count": 1,
            "capture_item": true
          }
        ],
        "map_locations": [
          {
            "map": "tallonoverworld",
            "x": 915,
            "y": 345
          }
        ]
      },
      {
        "name": "Overgrown Cavern",
        "access_rules": [
          // Global access
          "@reqs/chozohote,wave,ice,boost",
          "@reqs/frigate,boost",

          // Normal access
          "[normal],sbn,@can/bomb,missile,wave,ice,space",

          // Hard access
          "[hard],sbh,@can/bomb,missile,ice",

          "{artifactcheck}"
        ],
        "sections": [
          {
            "name": "Missile",
            "item_count": 1,
            "capture_item": true
          }
        ],
        "map_locations": [
          {
            "map": "tallonoverworld",
            "x": 967,
            "y": 155
          }
        ]
      },
      {
        "name": "Cargo Freight Lift to Deck Gamma",
        "color": "#525252",
        "access_rules": [
          // Global access
          "@reqs/frigate",

          // Normal access
          "[normal],sbn,@can/bomb,missile,gravity,space,wave,ice",

          // Hard access
          "[hard],sbh,@can/bomb,missile,ice,gravity",

          "{artifactcheck}"
        ],
        "sections": [
          {
            "name": "E-Tank",
            "item_count": 1,
            "capture_item": true
          }
        ],
        "map_locations": [
          {
            "map": "tallonoverworld",
            "x": 1090,
            "y": 520
          }
        ]
      },
      {
        "name": "Biohazard Containment",
        "color": "#525252",
        "access_rules": [
          // Global access
          "@reqs/frigate,@can/super",

          // Normal access
          "[normal],sbn,@can/bomb,@can/super,gravity,space,wave,ice",

          // Hard access
          "[hard],sbh,@can/bomb,@can/super,ice,gravity",

          "{artifactcheck}"
        ],
        "sections": [
          {
            "name": "Missile",
            "item_count": 1,
            "capture_item": true
          }
        ],
        "map_locations": [
          {
            "map": "tallonoverworld",
            "x": 909,
            "y": 700
          }
        ]
      },
      {
        "name": "Hydro Access Tunnel",
        "color": "#525252",
        "access_rules": [
          // Global access
          "@reqs/frigate",

          // Normal access
          "[normal],sbn,@can/bomb,missile,gravity,space,wave,ice",

          // Hard access
          "[hard],sbh,@can/bomb,missile,ice,gravity",

          "{artifactcheck}"
        ],
        "sections": [
          {
            "name": "E-Tank",
            "item_count": 1,
            "capture_item": true
          }
        ],
        "map_locations": [
          {
            "map": "tallonoverworld",
            "x": 1030,
            "y": 890
          }
        ]
      },
      {
        "name": "Great Tree Chamber",
        "access_rules": [
          // Global access
          "xray,@reqs/chozohote,wave,ice,boost",
          "xray,@reqs/frigate,boost",

          // Normal access
          "[normal],sbn,@can/bomb,missile,space,ice",

          // Hard access
          "[hard],sbh,@can/bomb,missile,ice",

          "{artifactcheck}"
        ],
        "sections": [
          {
            "name": "Missile",
            "item_count": 1,
            "capture_item": true
          }
        ],
        "map_locations": [
          {
            "map": "tallonoverworld",
            "x": 1241,
            "y": 872
          }
        ]
      },
      {
        "name": "Life Grove Tunnel",
        "access_rules": [
          // Global access
          "@can/bomb,@can/pb,missile,boost,spider,space,wave,ice",

          // Normal access
          "[normal],sbn,@can/bomb,@can/pb,missile,boost,space,wave,ice",

          // Hard access
          "[hard],sbh,@can/bomb,@can/pb,missile,ice,space",
          "[hard],sbh,@can/bomb,@can/pb,missile,ice,spider",

          "{artifactcheck}"
        ],
        "sections": [
          {
            "name": "Missile",
            "item_count": 1,
            "capture_item": true
          }
        ],
        "map_locations": [
          {
            "map": "tallonoverworld",
            "x": 1152,
            "y": 1000
          }
        ]
      },
      {
        "name": "Life Grove",
        "access_rules": [
          // Global access
          "@can/bomb,@can/pb,missile,boost,spider,space,wave,ice",

          // Normal access
          "[normal],sbn,@can/bomb,@can/pb,missile,boost,space,wave,ice",

          // Hard access
          "[hard],sbh,@can/bomb,@can/pb,missile,ice,space",
          "[hard],sbh,@can/bomb,@can/pb,missile,ice,spider",

          "{artifactcheck}"
        ],
        "sections": [
          {
            "name": "X-Ray Visor",
            "item_count": 1,
            "capture_item": true
          },
          {
            "name": "Artifact of Chozo",
            "item_count": 1,
            "capture_item": true
          }
        ],
        "map_locations": [
          {
            "map": "tallonoverworld",
            "x": 1152,
            "y": 1100
          }
        ]
      }
    ]
  },
  {
    "name": "Chozo Ruins",
    "color": "#8c640f",
    "children": [
      {
        "name": "Main Plaza",
        "sections": [
          {
            "name": "Locked Door (E-Tank)",
            "access_rules": [
              // Global access
              "missile,morph",

              // Normal access
              "[normal],sbn,space",

              // Hard access
              "[hard],sbh,space",

              // Global visibility
              "{}"
            ],
            "item_count": 1,
            "capture_item": true
          },
          {
            "name": "Half-Pipe (Missile)",
            "access_rules": [
              // Global access
              "morph,boost",

              // Normal access
              "[normal],sbn,space",

              // Hard access
              "[hard],sbh,space",
              "[hard],sbh,@can/bomb",

              // Global visibility
              "{}"
            ],
            "item_count": 1,
            "capture_item": true
          },
          {
            "name": "Grapple Ledge (Missile)",
            "access_rules": [
              // Global access
              "@can/bomb,@has/any suit,missile,grapple,boost,wave",

              // Normal access
              "[normal],sbn,space",

              // Hard access
              "[hard],sbh,space",
              "[hard],sbh,grapple",

              // Global visibility
              "{}"
            ],
            "item_count": 1,
            "capture_item": true
          },
          {
            "name": "Tree (Missile)",
            "access_rules": [
              // Global access
              "@can/super,space",

              // Normal access
              "[normal],sbn,@can/super",

              // Hard access
              "[hard],sbh,@can/super",
              "[hard],sbh,@can/bomb,missile,space",

              "{artifactcheck}"
            ],
            "item_count": 1,
            "capture_item": true
          }
        ],
        "map_locations": [
          {
            "map": "chozoruins",
            "x": 505,
            "y": 655
          }
        ]
      },
      {
        "name": "Ruined Fountain",
        "access_rules": [
          // Global access
          "@can/bomb,missile,spider",

          // Global visibility
          "{morph}",

          "{artifactcheck}"
        ],
        "sections": [
          {
            "name": "Missile",
            "item_count": 1,
            "capture_item": true
          }
        ],
        "map_locations": [
          {
            "map": "chozoruins",
            "x": 720,
            "y": 800
          }
        ]
      },
      {
        "name": "Ruined Shrine",
        "sections": [
          {
            "name": "Beetle Battle (Morph Ball)",
            "access_rules": [
              // Global access and escape
              "missile,morph",
              "missile,space",

              // Global access and visibility (can see from outside, no reload)
              "{missile}",

              "{artifactcheck}"
            ],
            "item_count": 1,
            "capture_item": true
          },
          {
            "name": "Half-Pipe (Missile)",
            "access_rules": [
              // Global access
              "missile,morph,boost",

              // Normal access
              "[normal],sbn,missile,morph,space",

              // Hard access
              "[hard],sbh,missile,morph",

              "{artifactcheck}"
            ],
            "item_count": 1,
            "capture_item": true
          },
          {
            "name": "Lower Tunnel (Missile)",
            "access_rules": [
              // Global access
              "@can/bomb or pb,missile",

              "{artifactcheck}"
            ],
            "item_count": 1,
            "capture_item": true
          }
        ],
        "map_locations": [
          {
            "map": "chozoruins",
            "x": 207,
            "y": 707
          }
        ]
      },
      {
        "name": "Vault",
        "access_rules": [
          // Global access
          "@can/bomb,missile",

          // Global visibility
          "{missile,morph}",

          "{artifactcheck}"
        ],
        "sections": [
          {
            "name": "Missile",
            "item_count": 1,
            "capture_item": true
          }
        ],
        "map_locations": [
          {
            "map": "chozoruins",
            "x": 627,
            "y": 377
          }
        ]
      },
      {
        "name": "Training Chamber",
        "access_rules": [
          // Global access
          "@can/bomb,@has/any suit,missile,grapple,wave,boost,spider",

          // Hard access
          "[hard],sbh,@can/bomb,@has/any suit,wave,grapple,boost,spider",
          "[hard],sbh,@can/bomb,space,spider",

          "{artifactcheck}"
        ],
        "sections": [
          {
            "name": "E-Tank",
            "item_count": 1,
            "capture_item": true
          }
        ],
        "map_locations": [
          {
            "map": "chozoruins",
            "x": 560,
            "y": 1027
          }
        ]
      },
      {
        "name": "Training Chamber Access",
        "access_rules": [
          // Global access
          "@has/any suit,missile,morph,grapple,wave",

          // Hard access
          "[hard],sbh,morph,wave,@has/any suit,space",
          "[hard],sbh,morph,wave,@has/any suit,grapple",
          "[hard],sbh,morph,wave,space,etank:2",
          "[hard],sbh,morph,@can/bomb,space",

          "{artifactcheck}"
        ],
        "sections": [
          {
            "name": "Missile",
            "item_count": 1,
            "capture_item": true
          }
        ],
        "map_locations": [
          {
            "map": "chozoruins",
            "x": 526,
            "y": 1075
          }
        ]
      },
      {
        "name": "Magma Pool",
        "access_rules": [
          // Global access
          "@can/pb,@has/any suit,missile,grapple",

          // Hard access
          "[hard],sbh,@can/pb,@has/any suit,space",
          "[hard],sbh,@can/pb,@has/any suit,grapple",
          "[hard],sbh,@can/pb,etank:1,space",
          "[hard],sbh,@can/bomb,@has/any suit,missile,boost",

          "{artifactcheck}"
        ],
        "sections": [
          {
            "name": "Power Bomb",
            "item_count": 1,
            "capture_item": true
          }
        ],
        "map_locations": [
          {
            "map": "chozoruins",
            "x": 632,
            "y": 1122
          }
        ]
      },
      {
        "name": "Tower of Light",
        "access_rules": [
          // Global access
          "@can/bomb,missile:40,boost,spider,wave,space",

          // Normal access
          "[normal],sbn,missile,wave,space",

          // Hard access
          "[hard],sbh,missile,wave,space",
          "[hard],sbh,missile,wave,@can/bomb",

          "{artifactcheck}"
        ],
        "sections": [
          {
            "name": "Wavebuster",
            "item_count": 1,
            "capture_item": true
          }
        ],
        "map_locations": [
          {
            "map": "chozoruins",
            "x": 60,
            "y": 780
          }
        ]
      },
      {
        "name": "Tower Chamber",
        "access_rules": [
          // Global access
          "@can/bomb,missile,boost,spider,wave,gravity,space",

          // Normal access
          "[normal],sbn,missile,wave,space",
          "[normal],sbn,missile,wave,morph,boost,notgravity",

          // Hard access
          "[hard],sbh,missile,wave",

          "{artifactcheck}"
        ],
        "sections": [
          {
            "name": "Artifact of Lifegiver",
            "item_count": 1,
            "capture_item": true
          }
        ],
        "map_locations": [
          {
            "map": "chozoruins",
            "x": 60,
            "y": 900
          }
        ]
      },
      {
        "name": "Ruined Nursery",
        "access_rules": [
          // Global access
          "@can/bomb",

          // Global visibility
          "{}"
        ],
        "sections": [
          {
            "name": "Missile",
            "item_count": 1,
            "capture_item": true
          }
        ],
        "map_locations": [
          {
            "map": "chozoruins",
            "x": 265,
            "y": 490
          }
        ]
      },
      {
        "name": "Ruined Gallery",
        "sections": [
          {
            "name": "Missile Wall (Missile)",
            "access_rules": [
              // Global access
              "missile",

              "{artifactcheck}"
            ],
            "item_count": 1,
            "capture_item": true
          },
          {
            "name": "Tunnel (Missile)",
            "access_rules": [
              // Global access
              "@can/bomb",

              "{artifactcheck}"
            ],
            "item_count": 1,
            "capture_item": true
          }
        ],
        "map_locations": [
          {
            "map": "chozoruins",
            "x": 308,
            "y": 305
          }
        ]
      },
      {
        "name": "Transport Access North",
        "access_rules": [
          // Global access
          "missile",

          "{artifactcheck}"
        ],
        "sections": [
          {
            "name": "E-Tank",
            "item_count": 1,
            "capture_item": true
          }
        ],
        "map_locations": [
          {
            "map": "chozoruins",
            "x": 479,
            "y": 47
          }
        ]
      },
      {
        "name": "Gathering Hall",
        "access_rules": [
          // Global access
          "@can/bomb or pb,missile,space",

          // Normal access
          "[normal],sbn,@can/bomb,missile",

          // Hard access
          "[hard],sbh,missile,@can/bomb",
          "[hard],sbh,missile,@can/pb,space",

          "{artifactcheck}"
        ],
        "sections": [
          {
            "name": "Missile",
            "item_count": 1,
            "capture_item": true
          }
        ],
        "map_locations": [
          {
            "map": "chozoruins",
            "x": 1053,
            "y": 904
          }
        ]
      },
      {
        "name": "Hive Totem",
        // No requirements
        "sections": [
          {
            "name": "Missile Launcher",
            "item_count": 1,
            "capture_item": true
          }
        ],
        "map_locations": [
          {
            "map": "chozoruins",
            "x": 479,
            "y": 108
          }
        ]
      },
      {
        "name": "Sunchamber",
        "sections": [
          {
            "name": "Flaahgra (Varia Suit)",
            "access_rules": [
              // Global access
              "@can/bomb,missile",

              "{artifactcheck}"
            ],
            "item_count": 1,
            "capture_item": true
          },
          {
            "name": "Ghosts (Artifact of Wild)",
            "access_rules": [
              // Global access
              "@can/bomb,@can/super,spider",

              // Hard access
              "[hard],sbh,@can/bomb,missile",

              "{artifactcheck}"
            ],
            "item_count": 1,
            "capture_item": true
          }
        ],
        "map_locations": [
          {
            "map": "chozoruins",
            "x": 810,
            "y": 450
          }
        ]
      },
      {
        "name": "Watery Hall Access",
        "access_rules": [
          // Global access
          "missile,morph",

          "{artifactcheck}"
        ],
        "sections": [
          {
            "name": "Missile",
            "item_count": 1,
            "capture_item": true
          }
        ],
        "map_locations": [
          {
            "map": "chozoruins",
            "x": 1020,
            "y": 795
          }
        ]
      },
      {
        "name": "Watery Hall",
        "sections": [
          {
            "name": "Scan Puzzle (Charge Beam)",
            "access_rules": [
              // Global access
              "missile,morph",

              "{artifactcheck}"
            ],
            "item_count": 1,
            "capture_item": true
          },
          {
            "name": "Underwater (Missile)",
            "access_rules": [
              // Global access
              "@can/bomb,missile,gravity,space",

              // Normal access
              "[normal],sbn,missile,space,morph,etank:1",
              "[normal],sbn,missile,space,morph,gravity",
              "[normal],sbn,missile,space,@can/bomb",

              // Hard access
              "[hard],sbh,missile,morph,etank:1",

              "{artifactcheck}"
            ],
            "item_count": 1,
            "capture_item": true
          }
        ],
        "map_locations": [
          {
            "map": "chozoruins",
            "x": 1085,
            "y": 600
          }
        ]
      },
      {
        "name": "Dynamo",
        "sections": [
          {
            "name": "Lower Dynamo (Missile)",
            "access_rules": [
              // Global access
              "@can/bomb or pb,missile",

              "{artifactcheck}"
            ],
            "item_count": 1,
            "capture_item": true
          },
          {
            "name": "Spider Track (Missile)",
            "access_rules": [
              // Global access
              "@can/bomb or pb,missile,spider",

              "{artifactcheck}"
            ],
            "item_count": 1,
            "capture_item": true
          }
        ],
        "map_locations": [
          {
            "map": "chozoruins",
            "x": 1130,
            "y": 833
          }
        ]
      },
      {
        "name": "Burn Dome",
        "sections": [
          {
            "name": "Tunnel (Missile)",
            "access_rules": [
              // Global access and escape
              "@can/bomb,missile",

              // Global access (must reload if neither burn dome item is bombs)
              "{missile,@can/bomb or pb}",

              "{artifactcheck}"
            ],
            "item_count": 1,
            "capture_item": true
          },
          {
            "name": "Incinerator Drone (Morph Bomb)",
            "access_rules": [
              // Global access and escape
              "@can/bomb,missile",

              // Global access (must reload if neither burn dome item is bombs)
              "{missile,morph}",

              "{artifactcheck}"
            ],
            "item_count": 1,
            "capture_item": true
          }
        ],
        "map_locations": [
          {
            "map": "chozoruins",
            "x": 1323,
            "y": 737
          }
        ]
      },
      {
        "name": "Furnace",
        "sections": [
          {
            "name": "Spider Tracks (Missile)",
            "access_rules": [
              // Global access
              "@can/bomb,@can/pb,missile,boost,spider",

              // Normal access
              "[normal],sbn,@can/bomb,missile,spider,space",

              // Hard access
              "[hard],sbh,@can/bomb,missile,space",

              "{artifactcheck}"
            ],
            "item_count": 1,
            "capture_item": true
          },
          {
            "name": "Tunnel (E-Tank)",
            "access_rules": [
              // Global access
              "@can/bomb,missile",

              "{artifactcheck}"
            ],
            "item_count": 1,
            "capture_item": true
          }
        ],
        "map_locations": [
          {
            "map": "chozoruins",
            "x": 1520,
            "y": 1045
          }
        ]
      },
      {
        "name": "Hall of the Elders",
        "access_rules": [
          // Global access
          "@reqs/chozohote,ice",

          // Normal access
          "[normal],sbn,@can/bomb,missile,ice,space",

          // Hard access
          "[hard],sbh,@can/bomb,missile,space",
          "[hard],sbh,@can/bomb,missile,ice,spider",

          "{artifactcheck}"
        ],
        "sections": [
          {
            "name": "E-Tank",
            "item_count": 1,
            "capture_item": true
          }
        ],
        "map_locations": [
          {
            "map": "chozoruins",
            "x": 1633,
            "y": 1012
          }
        ]
      },
      {
        "name": "Crossway",
        "access_rules": [
          // Global access
          "@can/bomb,@can/super,boost,spider,wave",
          "@can/bomb,@can/super,boost,spider,ice",

          // Normal access
          "[normal],sbn,@can/bomb,@can/super,space,wave",
          "[normal],sbn,@can/bomb,@can/super,space,ice",

          // Hard access
          "[hard],sbh,@can/bomb,missile,space",

          "{artifactcheck}"
        ],
        "sections": [
          {
            "name": "Missile",
            "item_count": 1,
            "capture_item": true
          }
        ],
        "map_locations": [
          {
            "map": "chozoruins",
            "x": 1642,
            "y": 870
          }
        ]
      },
      {
        "name": "Elder Chamber",
        "access_rules": [
          // Global access
          "@reqs/chozohote,ice,plasma",

          // Normal access
          "[normal],sbn,@can/bomb,missile,ice,plasma,space",

          // Hard access
          "[hard],sbh,@can/bomb,missile,ice,plasma,space",
          "[hard],sbh,@can/bomb,missile,ice,plasma,spider",
          "[hard],sbh,@can/bomb,missile,space,boost",

          "{artifactcheck}"
        ],
        "sections": [
          {
            "name": "Artifact of World",
            "item_count": 1,
            "capture_item": true
          }
        ],
        "map_locations": [
          {
            "map": "chozoruins",
            "x": 1718,
            "y": 1092
          }
        ]
      },
      {
        "name": "Antechamber",
        "access_rules": [
          // Global access and escape
          "@reqs/chozohote,wave,boost,ice",
          "@reqs/frigate,boost,ice",

          // Normal access and escape
          "[normal],sbn,@can/bomb,missile,space,wave,ice",

          // Hard access and escape
          "[hard],sbh,missile,ice,@can/bomb",
          "[hard],sbh,missile,ice,space",
          "[hard],sbh,missile,@can/pb,@can/bomb,space",

          // Global access (must reload if not ice)
          "{@reqs/chozohote,wave,boost}",
          "{@reqs/frigate,boost}",

          // Normal access (must reload if not ice)
          "{normal,@can/bomb,missile,space,wave}",

          // Hard access (must reload if not ice or powerbombs)
          "{hard,missile,@can/bomb,space}",

          "{artifactcheck}"
        ],
        "sections": [
          {
            "name": "Ice Beam",
            "item_count": 1,
            "capture_item": true
          }
        ],
        "map_locations": [
          {
            "map": "chozoruins",
            "x": 1723,
            "y": 1288
          }
        ]
      }
    ]
  },
  {
    "name": "Magmoor Caverns",
    "color": "#933826",
    "children": [
      {
        "name": "Lava Lake",
        "access_rules": [
          // Global access
          "@can/bomb or pb,@has/any suit,missile,space",

          // Glitchless sequence break (no glitches, just an extreme outlier location)
          "@has/any suit,missile,morph,[bomb]",
          "@has/any suit,missile,morph,[pb]",

          // Normal access
          "[normal],sbn,@has/any suit,missile,morph",

          // Hard access
          "[hard],sbh,@has/any suit,missile,morph",

          "{artifactcheck}"
        ],
        "sections": [
          {
            "name": "Artifact of Nature",
            "item_count": 1,
            "capture_item": true
          }
        ],
        "map_locations": [
          {
            "map": "magmoorcaverns",
            "x": 193,
            "y": 706
          }
        ]
      },
      {
        "name": "Triclops Pit",
        "access_rules": [
          // Global access
          "@has/any suit,missile,morph,space,xray",

          // Normal access
          "[normal],sbn,@has/any suit,missile,morph,space",

          // Hard access
          "[hard],sbh,@has/any suit,missile,morph",

          "{artifactcheck}"
        ],
        "sections": [
          {
            "name": "Missile",
            "item_count": 1,
            "capture_item": true
          }
        ],
        "map_locations": [
          {
            "map": "magmoorcaverns",
            "x": 445,
            "y": 1055
          }
        ]
      },
      {
        "name": "Storage Cavern",
        "access_rules": [
          // Global access
          "@has/any suit,missile,morph",

          "{artifactcheck}"
        ],
        "sections": [
          {
            "name": "Missile",
            "item_count": 1,
            "capture_item": true
          }
        ],
        "map_locations": [
          {
            "map": "magmoorcaverns",
            "x": 204,
            "y": 1235
          }
        ]
      },
      {
        "name": "Transport Tunnel A",
        "access_rules": [
          // Global access
          "@can/bomb,@has/any suit,missile",

          "{artifactcheck}"
        ],
        "sections": [
          {
            "name": "E-Tank",
            "item_count": 1,
            "capture_item": true
          }
        ],
        "map_locations": [
          {
            "map": "magmoorcaverns",
            "x": 487,
            "y": 1245
          }
        ]
      },
      {
        "name": "Shore Tunnel",
        "access_rules": [
          // Global access
          "@can/pb,@has/any suit,missile,space",

          // Normal access
          "[normal],sbn,@can/pb,@has/any suit,missile",

          // Hard access
          "[hard],sbh,@can/pb,missile,@has/any suit",
          "[hard],sbh,@can/pb,missile,etank:5",

          "{artifactcheck}"
        ],
        "sections": [
          {
            "name": "Ice Spreader",
            "item_count": 1,
            "capture_item": true
          }
        ],
        "map_locations": [
          {
            "map": "magmoorcaverns",
            "x": 823,
            "y": 1291
          }
        ]
      },
      {
        "name": "Fiery Shores",
        "sections": [
          {
            "name": "Morph Track (Missile)",
            "access_rules": [
              // Global access
              "@can/bomb,@has/any suit,missile,space",

              // Normal access
              "[normal],sbn,@has/any suit,missile,@can/bomb",
              "[normal],sbn,@has/any suit,missile,space",

              // Hard access
              "[hard],sbh,@has/any suit,missile,@can/bomb",
              "[hard],sbh,@has/any suit,missile,space",

              "{artifactcheck}"
            ],
            "item_count": 1,
            "capture_item": true
          },
          {
            "name": "Warrior Shrine Tunnel (Powerbomb)",
            "access_rules": [
              // Global access and escape
              "@can/pb,@has/any suit,missile,boost,space,@can/bomb",

              // Normal access and escape
              "[normal],sbn,@can/bomb,@can/pb,@has/any suit,missile,space",

              // Hard access and escape
              "[hard],sbh,@can/pb,@has/any suit,missile,@can/bomb",

              // Global access (must reload if not bombs)
              "{@can/pb,@has/any suit,missile,boost,space}",

              // Hard access (must reload if not bombs)
              "{hard,@can/pb,@has/any suit,missile,space}",

              "{artifactcheck}"
            ],
            "item_count": 1,
            "capture_item": true
          }
        ],
        "map_locations": [
          {
            "map": "magmoorcaverns",
            "x": 888,
            "y": 1325
          }
        ]
      },
      {
        "name": "Warrior Shrine",
        "access_rules": [
          // Global access
          "@has/any suit,missile,morph,boost,space",

          // Normal access
          "[normal],sbn,@has/any suit,missile,space",

          // Hard access
          "[hard],sbh,@has/any suit,missile,@can/bomb",
          "[hard],sbh,@has/any suit,missile,space",

          "{artifactcheck}"
        ],
        "sections": [
          {
            "name": "Artifact of Strength",
            "item_count": 1,
            "capture_item": true
          }
        ],
        "map_locations": [
          {
            "map": "magmoorcaverns",
            "x": 900,
            "y": 1118
          }
        ]
      },
      {
        "name": "Plasma Processing",
        "access_rules": [
          // Global access and escape
          "@can/bomb,@has/any suit,missile,space,wave,ice,boost,spider,grapple,plasma",

          // Normal access and escape
          "[normal],sbn,@can/bomb,@has/any suit,missile,space,wave,ice,boost,plasma",

          // Hard access and escape
          "[hard],sbh,@can/bomb,missile,wave,ice,space,@has/any suit,plasma",
          "[hard],sbh,@can/bomb,missile,wave,ice,space,etank:1,plasma",

          // Global access and visibility (can see from outside, no reload)
          "{@can/bomb,@has/any suit,missile,space,wave,ice,boost,spider,grapple}",

          // Normal access and visibility (can see from outside, no reload)
          "{normal,@can/bomb,@has/any suit,missile,space,wave,ice,boost}",

          // Hard access and visibility (can see from outside, no reload)
          "{hard,@can/bomb,missile,wave,ice,space,@has/any suit}",
          "{hard,@can/bomb,missile,wave,ice,space,etank:1}",

          "{artifactcheck}"
        ],
        "sections": [
          {
            "name": "Plasma Beam",
            "item_count": 1,
            "capture_item": true
          }
        ],
        "map_locations": [
          {
            "map": "magmoorcaverns",
            "x": 1198,
            "y": 648
          }
        ]
      },
      {
        "name": "Magmoor Workstation",
        "access_rules": [
          // Global access
          "@has/any suit,missile,morph,space,wave,thermal,grapple,spider",

          // Normal access
          "[normal],sbn,@has/any suit,missile,morph,space,wave",

          // Hard access
          "[hard],sbh,@reqs/phen backwards",

          "{artifactcheck}"
        ],
        "sections": [
          {
            "name": "E-Tank",
            "item_count": 1,
            "capture_item": true
          }
        ],
        "map_locations": [
          {
            "map": "magmoorcaverns",
            "x": 1332,
            "y": 1041
          }
        ]
      }
    ]
  },
  {
    "name": "Phendrana Drifts",
    "color": "#5b7373",
    "children": [
      {
        "name": "Phendrana Shorelines",
        "sections": [
          {
            "name": "Behind Ice (Missile)",
            "access_rules": [
              // Global access
              "@reqs/phendrana,plasma",

              // Hard access
              "[hard],sbh,@reqs/phendrana,@can/isg",
              "[hard],sbh,@reqs/phen backwards,plasma",
              "[hard],sbh,@reqs/phen backwards,@can/isg",

              // Global visibility
              "{@reqs/phendrana}",

              "{artifactcheck}"
            ],
            "item_count": 1,
            "capture_item": true
          },
          {
            "name": "Spider Track (Missile)",
            "access_rules": [
              // Global access
              "@reqs/phendrana,@can/super,space,spider",

              // Hard access
              "[hard],sbh,@reqs/phendrana,@can/super,spider",
              "[hard],sbh,@reqs/phen backwards,@can/super,spider",

              "{artifactcheck}"
            ],
            "item_count": 1,
            "capture_item": true
          }
        ],
        "map_locations": [
          {
            "map": "phendranadrifts",
            "x": 745,
            "y": 505
          }
        ]
      },
      {
        "name": "Chozo Ice Temple",
        "access_rules": [
          // Global access
          "@reqs/phendrana,space,plasma",

          // Hard access
          "[hard],sbh,@reqs/phendrana,plasma",
          "[hard],sbh,@reqs/phendrana,@can/isg",
          "[hard],sbh,@reqs/phen backwards,plasma",
          "[hard],sbh,@reqs/phen backwards,@can/isg",

          "{artifactcheck}"
        ],
        "sections": [
          {
            "name": "Artifact of Sun",
            "item_count": 1,
            "capture_item": true
          }
        ],
        "map_locations": [
          {
            "map": "phendranadrifts",
            "x": 361,
            "y": 530
          }
        ]
      },
      {
        "name": "Ice Ruins West",
        "access_rules": [
          // Global access
          "@reqs/phendrana,space,plasma",

          // Hard access
          "[hard],sbh,@reqs/phendrana,plasma",
          "[hard],sbh,@reqs/phen backwards,plasma",

          "{artifactcheck}"
        ],
        "sections": [
          {
            "name": "Powerbomb",
            "item_count": 1,
            "capture_item": true
          }
        ],
        "map_locations": [
          {
            "map": "phendranadrifts",
            "x": 815,
            "y": 795
          }
        ]
      },
      {
        "name": "Ice Ruins East",
        "sections": [
          {
            "name": "Behind Ice (Missile)",
            "access_rules": [
              // Global access
              "@reqs/phendrana,plasma",

              // Hard access
              "[hard],sbh,@reqs/phendrana,@can/isg",
              "[hard],sbh,@reqs/phen backwards,plasma",
              "[hard],sbh,@reqs/phen backwards,@can/isg",

              "{artifactcheck}"
            ],
            "item_count": 1,
            "capture_item": true
          },
          {
            "name": "Spider Track (Missile)",
            "access_rules": [
              // Global access
              "@reqs/phendrana,spider",

              // Hard access
              "[hard],sbh,@reqs/phen backwards,spider",

              "{artifactcheck}"
            ],
            "item_count": 1,
            "capture_item": true
          }
        ],
        "map_locations": [
          {
            "map": "phendranadrifts",
            "x": 1125,
            "y": 620
          }
        ]
      },
      {
        "name": "Chapel of the Elders",
        "access_rules": [
          // Global access and escape
          "@reqs/phendrana,wave,space",

          // Hard access and escape
          "[hard],sbh,@reqs/phendrana,wave,space",
          "[hard],sbh,@reqs/phendrana,wave,@can/bomb",
          "[hard],sbh,@reqs/phen backwards,wave,space",
          "[hard],sbh,@reqs/phen backwards,wave,@can/bomb",

          // Global access and visibility (can see from outside, no reload)
          "{@reqs/phendrana,space}",

          // Hard access (can see from outside, no reload)
          "{hard,@reqs/phendrana}",
          "{hard,@reqs/phen backwards}",

          "{artifactcheck}"
        ],
        "sections": [
          {
            "name": "Wave Beam",
            "item_count": 1,
            "capture_item": true
          }
        ],
        "map_locations": [
          {
            "map": "phendranadrifts",
            "x": 100,
            "y": 531
          }
        ]
      },
      {
        "name": "Ruined Courtyard",
        "access_rules": [
          // Global access
          "@reqs/phendrana,boost,space,wave",

          // Normal access
          "[normal],sbn,@reqs/phendrana,space,wave",

          // Hard access
          "[hard],sbh,@reqs/phendrana,wave",
          "[hard],sbh,@reqs/phen backwards,wave",

          "{artifactcheck}"
        ],
        "sections": [
          {
            "name": "E-Tank",
            "item_count": 1,
            "capture_item": true
          }
        ],
        "map_locations": [
          {
            "map": "phendranadrifts",
            "x": 740,
            "y": 1169
          }
        ]
      },
      {
        "name": "Phendrana Canyon",
        "access_rules": [
          // Global access and escape
          "@reqs/phendrana,space",
          "@reqs/phendrana,boost",

          // Hard access and escape (assumes you will use boxes, potential softlock)
          "hard,@reqs/phendrana",
          "hard,@reqs/phen backwards",

          // Global access (reload needed only if boxes are destroyed)
          "{@reqs/phendrana}",

          "{artifactcheck}"
        ],
        "sections": [
          {
            "name": "Boost Ball",
            "item_count": 1,
            "capture_item": true
          }
        ],
        "map_locations": [
          {
            "map": "phendranadrifts",
            "x": 240,
            "y": 1030
          }
        ]
      },
      {
        "name": "Quarantine Cave",
        "access_rules": [
          // Global access and escape
          "@reqs/phendrana,@can/super,boost,space,wave,thermal,spider",
          "@reqs/phendrana,@can/super,boost,space,wave,thermal,grapple",
          "@reqs/phen backwards,thermal,spider",
          "@reqs/phen backwards,thermal,grapple",

          // Normal access and escape
          "[normal],sbn,@reqs/phendrana,wave,@can/super,spider",
          "[normal],sbn,@reqs/phendrana,wave,@can/super,grapple",
          "[normal],sbn,@reqs/phen backwards,spider",
          "[normal],sbn,@reqs/phen backwards,grapple",

          // Hard access and escape
          "[hard],sbh,@reqs/phen backwards,space",
          "[hard],sbh,@reqs/phen backwards,@can/bomb,spider",
          "[hard],sbh,@reqs/phen backwards,@can/bomb,grapple",

          // Global access (must reload if thardus doesn't drop spider or grapple)
          "{@reqs/phendrana,@can/super,boost,space,wave,thermal}",
          "{@reqs/phen backwards,thermal}",

          // Normal access (must reload if thardus doesn't drop spider or grapple)
          "{normal,@reqs/phendrana,wave,@can/super}",
          "{normal,@reqs/phen backwards}",

          // Hard access (must reload if thardus doesn't drop spider, grapple, or space)
          "{hard,@reqs/phen backwards,@can/bomb}",

          "{artifactcheck}"
        ],
        "sections": [
          {
            "name": "Spider Ball",
            "item_count": 1,
            "capture_item": true
          }
        ],
        "map_locations": [
          {
            "map": "phendranadrifts",
            "x": 1290,
            "y": 1538
          }
        ]
      },
      {
        "name": "Quarantine Monitor",
        "access_rules": [
          // Global access
          "@reqs/phendrana,@can/super,boost,space,wave,thermal,grapple",
          "@reqs/phen backwards,thermal,grapple",

          // Normal access
          "[normal],sbn,@reqs/phendrana,@can/super,wave,space,spider",
          "[normal],sbn,@reqs/phendrana,@can/super,wave,space,grapple",
          "[normal],sbn,@reqs/phen backwards,grapple",

          // Hard access
          "[hard],sbh,@reqs/phen backwards,grapple",
          "[hard],sbh,@reqs/phen backwards,space",

          "{artifactcheck}"
        ],
        "sections": [
          {
            "name": "Missile",
            "item_count": 1,
            "capture_item": true
          }
        ],
        "map_locations": [
          {
            "map": "phendranadrifts",
            "x": 1498,
            "y": 1483
          }
        ]
      },
      {
        "name": "Research Lab Hydra",
        "access_rules": [
          // Global access
          "@reqs/phendrana,@can/super,thermal,boost,space,wave",
          "@reqs/phen backwards,@can/super,thermal,ice",

          // Normal access
          "[normal],sbn,@reqs/phendrana,@can/super,wave,space",
          "[normal],sbn,@reqs/phen backwards,ice",

          // Hard access
          "[hard],sbh,@reqs/phendrana,@can/super,wave",
          "[hard],sbh,@reqs/phen backwards,@can/super,wave",

          // Global visibility
          "{@reqs/phendrana,boost,space,wave,xray}",
          "{@reqs/phen backwards,ice,xray}",

          // Normal visibility
          "{normal,@reqs/phendrana,wave,space,xray}",

          // Hard visibility
          "{hard,@reqs/phendrana,wave,xray}",
          "{hard,@reqs/phen backwards,wave,xray}",

          "{artifactcheck}"
        ],
        "sections": [
          {
            "name": "Missile",
            "item_count": 1,
            "capture_item": true
          }
        ],
        "map_locations": [
          {
            "map": "phendranadrifts",
            "x": 1644,
            "y": 280
          }
        ]
      },
      {
        "name": "Observatory",
        "access_rules": [
          // Global access
          "@reqs/phendrana,boost,space,wave",
          "@reqs/phen backwards,@can/bomb,ice",

          // Normal access
          "[normal],sbn,@reqs/phen backwards,ice",

          // Hard access
          "[hard],sbh,@reqs/phendrana,space,wave",
          "[hard],sbh,@reqs/mags thardus",
          "[hard],sbh,@reqs/mags frozenpike",

          "{artifactcheck}"
        ],
        "sections": [
          {
            "name": "Super Missile",
            "item_count": 1,
            "capture_item": true
          }
        ],
        "map_locations": [
          {
            "map": "phendranadrifts",
            "x": 1537,
            "y": 544
          }
        ]
      },
      {
        "name": "Control Tower",
        "access_rules": [
          // Global access
          "@reqs/phendrana,plasma,boost,space,wave",
          "@reqs/phen backwards,plasma,thermal,ice",

          // Normal access
          "[normal],sbn,@reqs/phendrana,boost,space,wave",
          "[normal],sbn,@reqs/phen backwards,ice",

          // Hard access
          "[hard],sbh,@reqs/phendrana,space,wave",
          "[hard],sbh,@reqs/mags thardus,space",
          "[hard],sbh,@reqs/mags thardus,spider,boost,plasma",
          "[hard],sbh,@reqs/mags frozenpike,space",
          "[hard],sbh,@reqs/mags frozenpike,spider,plasma",

          "{artifactcheck}"
        ],
        "sections": [
          {
            "name": "Artifact of Elder",
            "item_count": 1,
            "capture_item": true
          }
        ],
        "map_locations": [
          {
            "map": "phendranadrifts",
            "x": 1330,
            "y": 190
          }
        ]
      },
      {
        "name": "Research Lab Aether",
        "access_rules": [
          // Global access
          "@reqs/phendrana,boost,space,wave",
          "@reqs/phen backwards,thermal,ice",

          // Normal access
          "[normal],sbn,@reqs/phen backwards,ice",

          // Hard access
          "[hard],sbh,@reqs/phendrana,space,wave",
          "[hard],sbh,@reqs/mags thardus",
          "[hard],sbh,@reqs/mags frozenpike",

          "{artifactcheck}"
        ],
        "sections": [
          {
            "name": "Tank (E-Tank)",
            "item_count": 1,
            "capture_item": true
          },
          {
            "name": "Morph Track (Missile)",
            "item_count": 1,
            "capture_item": true
          }
        ],
        "map_locations": [
          {
            "map": "phendranadrifts",
            "x": 1768,
            "y": 532
          }
        ]
      },
      {
        "name": "Research Core",
        "access_rules": [
          // Global access and escape
          "@reqs/phendrana,boost,space,wave,thermal,ice",
          "@reqs/phen backwards,ice,thermal",

          // Normal access and escape
          "[normal],sbn,@reqs/phendrana,space,wave,boost",
          "[normal],sbn,@reqs/phen backwards,ice",

          // Hard access and escape
          "[hard],sbh,@reqs/phendrana,space,wave",
          "[hard],sbh,@reqs/mags thardus",
          "[hard],sbh,@reqs/mags frozenpike",

          // Global access and visibility (can leave room before obtaining)
          "{@reqs/phendrana,boost,space,wave}",
          "{@reqs/phen backwards,ice}",

          "{artifactcheck}"
        ],
        "sections": [
          {
            "name": "Thermal Visor",
            "item_count": 1,
            "capture_item": true
          }
        ],
        "map_locations": [
          {
            "map": "phendranadrifts",
            "x": 1785,
            "y": 762
          }
        ]
      },
      {
        "name": "Transport Access",
        "access_rules": [
          // Global access
          "thermal,plasma,ice,@reqs/phendrana,boost,space,wave,spider",
          "thermal,plasma,ice,@reqs/phen backwards",

          // Normal access
          "[normal],sbn,plasma,ice,@reqs/phendrana,space,wave",
          "[normal],sbn,plasma,ice,@reqs/phen backwards",

          // Hard access
          "[hard],sbh,@reqs/phen backwards,ice,plasma",

          // Global visibility
          "{ice,thermal,@reqs/phendrana,boost,space,wave,spider}",
          "{ice,@reqs/phen backwards}",

          "{artifactcheck}"
        ],
        "sections": [
          {
            "name": "E-Tank",
            "item_count": 1,
            "capture_item": true
          }
        ],
        "map_locations": [
          {
            "map": "phendranadrifts",
            "x": 2057,
            "y": 585
          }
        ]
      },
      {
        "name": "Frost Cave",
        "access_rules": [
          // Global access
          "ice,grapple,@reqs/phendrana,boost,space,wave",
          "ice,grapple,@reqs/phen backwards",

          // Normal access
          "[normal],sbn,ice,@reqs/phendrana,space,wave",
          "[normal],sbn,ice,@reqs/phen backwards",

          // Hard access
          "[hard],sbh,@reqs/mags frozenpike,space",
          "[hard],sbh,@reqs/mags frozenpike,grapple",

          // Global visibility
          "{ice,@reqs/phen backwards}",

          "{artifactcheck}"
        ],
        "sections": [
          {
            "name": "Missile",
            "item_count": 1,
            "capture_item": true
          }
        ],
        "map_locations": [
          {
            "map": "phendranadrifts",
            "x": 1952,
            "y": 1299
          }
        ]
      },
      {
        "name": "Storage Cave",
        "access_rules": [
          // Global access
          "@can/pb,ice,plasma,grapple,@reqs/phendrana,boost,space,wave,thermal",
          "@can/pb,ice,plasma,grapple,@reqs/phen backwards",

          // Normal access
          "[normal],sbn,@can/pb,ice,plasma,@reqs/phendrana,space,wave",
          "[normal],sbn,@can/pb,ice,plasma,@reqs/phen backwards",

          // Hard access
          "[hard],sbh,@reqs/mags frozenpike,space",
          "[hard],sbh,@reqs/mags frozenpike,grapple,spider",

          "{artifactcheck}"
        ],
        "sections": [
          {
            "name": "Artifact of Spirit",
            "item_count": 1,
            "capture_item": true
          }
        ],
        "map_locations": [
          {
            "map": "phendranadrifts",
            "x": 2108,
            "y": 1645
          }
        ]
      },
      {
        "name": "Security Cave",
        "access_rules": [
          // Global access
          "ice,grapple,@reqs/phendrana,boost,space,wave",
          "ice,grapple,@reqs/phen backwards",

          // Normal access
          "[normal],sbn,ice,grapple,@reqs/phendrana,space,wave",

          // Hard access
          "[hard],sbh,@reqs/mags frozenpike,space",
          "[hard],sbh,@reqs/mags frozenpike,grapple,spider",

          "{artifactcheck}"
        ],
        "sections": [
          {
            "name": "Powerbomb",
            "item_count": 1,
            "capture_item": true
          }
        ],
        "map_locations": [
          {
            "map": "phendranadrifts",
            "x": 2010,
            "y": 1782
          }
        ]
      },
      {
        "name": "Gravity Chamber",
        "sections": [
          {
            "name": "Underwater (Gravity Suit)",
            "access_rules": [
              // Global access and escape
              "@reqs/phendrana,ice,boost,space,wave,gravity,thermal",
              "@reqs/phen backwards,ice,gravity",

              // Normal access and escape
              "[normal],sbn,ice,@reqs/phendrana,space,wave,gravity,thermal",
              "[normal],sbn,ice,@reqs/phen backwards,gravity",

              // Hard access and escape
              "[hard],sbh,@reqs/mags frozenpike,space,gravity",
              "[hard],sbh,@reqs/mags frozenpike,grapple,spider,gravity,@can/bomb",

              // Global access (must reload if not gravity)
              "{@reqs/phendrana,boost,space,wave,thermal}",
              "{@reqs/phen backwards}",

              // Normal access (must reload if not gravity)
              "{normal,ice,@reqs/phendrana,space,wave}",
              "{normal,ice,@reqs/phen backwards}",

              // Hard access (must reload if not gravity)
              "{hard,@reqs/mags frozenpike,space}",
              "{hard,@reqs/mags frozenpike,grapple,spider}",

              "{artifactcheck}"
            ],
            "item_count": 1,
            "capture_item": true
          },
          {
            "name": "Grapple Ledge (Missile)",
            "access_rules": [
              // Global access
              "@can/pb,ice,plasma,gravity,grapple,@reqs/phendrana,boost,space,wave,thermal",
              "@can/pb,ice,plasma,gravity,grapple,@reqs/phen backwards",

              // Normal access
              "[normal],sbn,ice,plasma,grapple,@reqs/phendrana,space,wave",
              "[normal],sbn,ice,plasma,grapple,@reqs/phen backwards",

              // Hard access
              "[hard],sbh,@reqs/mags frozenpike,space",
              "[hard],sbh,@reqs/mags frozenpike,plasma,grapple,spider",

              "{artifactcheck}"
            ],
            "item_count": 1,
            "capture_item": true
          }
        ],
        "map_locations": [
          {
            "map": "phendranadrifts",
            "x": 2425,
            "y": 1130
          }
        ]
      }
    ]
  },
  {
    "name": "Phazon Mines",
    "color": "#4e4759",
    "children": [
      {
        "name": "Main Quarry",
        "access_rules": [
          // Global access
          "@reqs/mines from tallon,spider",
          "@reqs/mines from magmoor,thermal,grapple",

          // Normal access
          "[normal],sbn,@reqs/mines from tallon",
          "[normal],sbn,@reqs/mines from magmoor",

          // Hard access
          "[hard],sbh,@reqs/mines from tallon,space",

          "{artifactcheck}"
        ],
        "sections": [
          {
            "name": "Missile",
            "item_count": 1,
            "capture_item": true
          }
        ],
        "map_locations": [
          {
            "map": "phazonmines",
            "x": 1330,
            "y": 495
          }
        ]
      },
      {
        "name": "Security Access A",
        "access_rules": [
          // Global access
          "@reqs/mines from tallon,@can/pb",
          "@reqs/mines from magmoor,grapple",

          // Normal access
          "[normal],sbn,@reqs/mines from magmoor",

          "{artifactcheck}"
        ],
        "sections": [
          {
            "name": "Missile",
            "item_count": 1,
            "capture_item": true
          }
        ],
        "map_locations": [
          {
            "map": "phazonmines",
            "x": 1295,
            "y": 560
          }
        ]
      },
      {
        "name": "Storage Depot A",
        "access_rules": [
          // Global access
          "plasma,@reqs/mines from tallon,@can/pb",
          "plasma,@reqs/mines from magmoor,grapple",

          // Normal access
          "[normal],sbn,plasma,@reqs/mines from magmoor",

          "{artifactcheck}"
        ],
        "sections": [
          {
            "name": "Flamethrower",
            "item_count": 1,
            "capture_item": true
          }
        ],
        "map_locations": [
          {
            "map": "phazonmines",
            "x": 1127,
            "y": 351
          }
        ]
      },
      {
        "name": "Elite Research",
        "sections": [
          {
            "name": "Phazon Elite (Artifact of Warrior)",
            "access_rules": [
              // Global access
              "boost,@reqs/mines from tallon,@can/pb,spider",
              "boost,@reqs/mines from magmoor,grapple",

              // Normal access
              "[normal],sbn,boost,@reqs/mines from tallon,@can/pb",
              "[normal],sbn,boost,@reqs/mines from magmoor",

              // Hard access
              "[hard],sbh,@reqs/mines from tallon,@can/pb",

              "{artifactcheck}"
            ],
            "item_count": 1,
            "capture_item": true
          },
          {
            "name": "Laser (Missile)",
            "access_rules": [
              // Global access
              "boost,@reqs/mines from tallon",
              "boost,@reqs/mines from magmoor,grapple",

              // Normal access
              "[normal],sbn,boost,@reqs/mines from magmoor",

              // Hard access
              "[hard],sbh,@reqs/mines from tallon",

              "{artifactcheck}"
            ],
            "item_count": 1,
            "capture_item": true
          }
        ],
        "map_locations": [
          {
            "map": "phazonmines",
            "x": 1090,
            "y": 196
          }
        ]
      },
      {
        "name": "Storage Depot B",
        "access_rules": [
          // Global access
          "@reqs/mines from tallon,@can/pb,boost,spider",
          "@reqs/mines from magmoor",

          // Normal access
          "[normal],sbn,@reqs/mines from tallon",

          // Hard access
          "[hard],sbh,@reqs/mines from tallon",

          "{artifactcheck}"
        ],
        "sections": [
          {
            "name": "Grapple Beam",
            "item_count": 1,
            "capture_item": true
          }
        ],
        "map_locations": [
          {
            "map": "phazonmines",
            "x": 1329,
            "y": 74
          }
        ]
      },
      {
        "name": "Fungal Hall Access",
        "access_rules": [
          // Global access
          "boost,xray,plasma,@reqs/mines from tallon,@can/pb,spider",
          "boost,xray,plasma,@reqs/mines from magmoor",

          // Normal access
          "[normal],sbn,boost,plasma,@reqs/mines from tallon,@can/pb",
          "[normal],sbn,boost,plasma,@reqs/mines from magmoor",

          // Hard access
          "[hard],sbh,@reqs/mines from tallon,@can/pb,plasma,space",

          "{artifactcheck}"
        ],
        "sections": [
          {
            "name": "Missile",
            "item_count": 1,
            "capture_item": true
          }
        ],
        "map_locations": [
          {
            "map": "phazonmines",
            "x": 758,
            "y": 482
          }
        ]
      },
      {
        "name": "Phazon Mining Tunnel",
        "access_rules": [
          // Global access
          "boost,xray,plasma,grapple,phazon,@reqs/mines from tallon,@can/pb,spider",
          "boost,xray,plasma,grapple,phazon,@reqs/mines from magmoor",

          // Normal access
          "[normal],sbn,boost,plasma,phazon,@reqs/mines from tallon,@can/pb",
          "[normal],sbn,boost,plasma,phazon,@reqs/mines from magmoor",

          // Hard access
          "[hard],sbh,@reqs/mines from tallon,@can/pb,phazon,plasma,space",
          "[hard],sbh,@reqs/mines from tallon,@can/pb,phazon,plasma,spider",

          "{artifactcheck}"
        ],
        "sections": [
          {
            "name": "Artifact of Newborn",
            "item_count": 1,
            "capture_item": true
          }
        ],
        "map_locations": [
          {
            "map": "phazonmines",
            "x": 706,
            "y": 910
          }
        ]
      },
      {
        "name": "Fungal Hall B",
        "access_rules": [
          // Global access
          "boost,xray,plasma,@reqs/mines from tallon,@can/pb,spider",
          "boost,xray,plasma,@reqs/mines from magmoor",

          // Normal access
          "[normal],sbn,boost,plasma,@reqs/mines from tallon,@can/pb",
          "[normal],sbn,boost,plasma,@reqs/mines from magmoor",

          // Hard access
          "[hard],sbh,@reqs/mines from tallon,@can/pb,plasma,space",
          "[hard],sbh,@reqs/mines from tallon,@can/pb,plasma,spider",

          "{artifactcheck}"
        ],
        "sections": [
          {
            "name": "Missile",
            "item_count": 1,
            "capture_item": true
          }
        ],
        "map_locations": [
          {
            "map": "phazonmines",
            "x": 676,
            "y": 1251
          }
        ]
      },
      {
        "name": "Metroid Quarantine A",
        "access_rules": [
          // Global access
          "boost,xray,@reqs/mines from tallon,@can/pb,spider",
          "boost,xray,@reqs/mines from magmoor",

          // Normal access
          "[normal],sbn,boost,@reqs/mines from tallon,@can/pb",
          "[normal],sbn,boost,@reqs/mines from magmoor",

          // Hard access
          "[hard],sbh,@reqs/mines from tallon,@can/pb",

          "{artifactcheck}"
        ],
        "sections": [
          {
            "name": "Missile",
            "item_count": 1,
            "capture_item": true
          }
        ],
        "map_locations": [
          {
            "map": "phazonmines",
            "x": 1565,
            "y": 1030
          }
        ]
      },
      {
        "name": "Metroid Quarantine B",
        "access_rules": [
          // Global access
          "@can/super,boost,xray,grapple,plasma,@reqs/mines from tallon,@can/pb,spider",
          "@can/super,boost,xray,grapple,plasma,@reqs/mines from magmoor",

          // Normal access
          "[normal],sbn,@can/super,plasma,boost,@reqs/mines from tallon,@can/pb",
          "[normal],sbn,@can/super,plasma,boost,@reqs/mines from magmoor",

          // Hard access
          "[hard],sbh,@reqs/mines from tallon,@can/super,@can/pb,plasma,space",
          "[hard],sbh,@reqs/mines from tallon,@can/super,@can/pb,plasma,spider",

          "{artifactcheck}"
        ],
        "sections": [
          {
            "name": "Missile",
            "item_count": 1,
            "capture_item": true
          }
        ],
        "map_locations": [
          {
            "map": "phazonmines",
            "x": 314,
            "y": 1365
          }
        ]
      },
      {
        "name": "Elite Quarters",
        "access_rules": [
          // Global access
          "boost,plasma,xray,grapple,@reqs/mines from tallon,@can/pb,spider",
          "boost,plasma,xray,grapple,@reqs/mines from magmoor",

          // Normal access
          "[normal],sbn,boost,plasma,xray,@reqs/mines from tallon,@can/pb",
          "[normal],sbn,boost,plasma,xray,@reqs/mines from magmoor",

          // Hard access
          "[hard],sbh,@reqs/mines from tallon,@can/pb,xray,plasma,space",
          "[hard],sbh,@reqs/mines from tallon,@can/pb,xray,plasma,spider",

          "{artifactcheck}"
        ],
        "sections": [
          {
            "name": "Phazon Suit",
            "item_count": 1,
            "capture_item": true
          }
        ],
        "map_locations": [
          {
            "map": "phazonmines",
            "x": 173,
            "y": 1200
          }
        ]
      },
      {
        "name": "Processing Center Access",
        "access_rules": [
          // Global access
          "boost,plasma,xray,grapple,@reqs/mines from tallon,@can/pb,spider",
          "boost,plasma,xray,grapple,@reqs/mines from magmoor",

          // Normal access
          "[normal],sbn,boost,plasma,xray,@reqs/mines from tallon,@can/pb",
          "[normal],sbn,boost,plasma,xray,@reqs/mines from magmoor",

          // Hard access
          "[hard],sbh,@reqs/mines from tallon,@can/pb,xray,plasma,space",

          "{artifactcheck}"
        ],
        "sections": [
          {
            "name": "E-Tank",
            "item_count": 1,
            "capture_item": true
          }
        ],
        "map_locations": [
          {
            "map": "phazonmines",
            "x": 177,
            "y": 1021
          }
        ]
      },
      {
        "name": "Phazon Processing Center",
        "access_rules": [
          // Global access
          "@reqs/mines from tallon,@can/pb,spider",
          "@reqs/mines from magmoor",

          // Normal access
          "[normal],sbn,@reqs/mines from tallon,@can/pb",

          // Hard access
          "[hard],sbh,@reqs/mines from tallon,@can/pb",

          "{artifactcheck}"
        ],
        "sections": [
          {
            "name": "Missile",
            "item_count": 1,
            "capture_item": true
          }
        ],
        "map_locations": [
          {
            "map": "phazonmines",
            "x": 395,
            "y": 935
          }
        ]
      },
      {
        "name": "Elite Control Access",
        "access_rules": [
          // Global access
          "@reqs/mines from tallon,spider",
          "@reqs/mines from magmoor",

          // Normal access
          "[normal],sbn,@reqs/mines from tallon",

          // Hard access
          "[hard],sbh,@reqs/mines from tallon",

          "{artifactcheck}"
        ],
        "sections": [
          {
            "name": "Missile",
            "item_count": 1,
            "capture_item": true
          }
        ],
        "map_locations": [
          {
            "map": "phazonmines",
            "x": 1282,
            "y": 1231
          }
        ]
      },
      {
        "name": "Ventilation Shaft",
        "access_rules": [
          // Global access
          "boost,@reqs/mines from tallon,@can/pb,spider",
          "boost,@reqs/mines from magmoor",

          // Normal access
          "[normal],sbn,boost,@reqs/mines from tallon",

          // Hard access
          "[hard],sbh,@reqs/mines from tallon,@can/pb",

          "{artifactcheck}"
        ],
        "sections": [
          {
            "name": "E-Tank",
            "item_count": 1,
            "capture_item": true
          }
        ],
        "map_locations": [
          {
            "map": "phazonmines",
            "x": 1176,
            "y": 1498
          }
        ]
      },
      {
        "name": "Central Dynamo",
        "access_rules": [
          // Global access
          "boost,@reqs/mines from tallon,spider",
          "boost,@reqs/mines from magmoor",

          // Normal access
          "[normal],sbn,boost,@reqs/mines from tallon",

          // Hard access
          "[hard],sbh,@reqs/mines from tallon",

          "{artifactcheck}"
        ],
        "sections": [
          {
            "name": "Powerbombs",
            "item_count": 1,
            "capture_item": true
          }
        ],
        "map_locations": [
          {
            "map": "phazonmines",
            "x": 1465,
            "y": 1560
          }
        ]
      }
    ]
  }
]
