{
  "map_enabled": true,
  "auto_pin_capturing_locations": false,
  "auto_unpin_on_clear": true,
  "layout_swap_left_right": false,
  "disabled_image_filter": "dim",
  "layouts": {
    "shared_item_grid": {
      "type": "array",
      "orientation": "vertical",
      "margin": "0,0",
      "content": [
        {
          "type": "array",
          "orientation": "horizontal",
          "margin": "0,0",
          "content": [
            {
              "type": "itemgrid",
              "item_margin": "2,2",
              "h_alignment": "left",
              "v_alignment": "center",
              "item_size": 48,
              "rows": [
                [ "charge", "super",       "morph",  "space",   "varia",       "missile"   ],
                [ "wave",   "wavecombo",   "bomb",   "grapple", "gravityitem", "etank"     ],
                [ "ice",    "icecombo",    "boost",  "thermal", "phazon",      "powerbomb" ],
                [ "plasma", "plasmacombo", "spider", "xray",    "",            ""          ]
              ]
            },
            {
              "type": "canvas",
              "margin": "10,0",
              "v_alignment": "center",
              "width": 220,
              "height": 234,
              "content": [
                {
                  "type": "item",
                  "item": "artifact1",
                  "canvas_depth": 1,
                  "width": 28,
                  "height": 37,
                  "canvas_left": 67,
                  "canvas_top": 89
                },
                {
                  "type": "item",
                  "item": "artifact2",
                  "canvas_depth": 1,
                  "width": 37,
                  "height": 37,
                  "canvas_left": 130,
                  "canvas_top": 75
                },
                {
                  "type": "item",
                  "item": "artifact3",
                  "canvas_depth": 1,
                  "width": 34,
                  "height": 34,
                  "canvas_left": 78,
                  "canvas_top": 129
                },
                {
                  "type": "item",
                  "item": "artifact4",
                  "canvas_depth": 1,
                  "width": 35,
                  "height": 38,
                  "canvas_left": 90,
                  "canvas_top": 56
                },
                {
                  "type": "item",
                  "item": "artifact5",
                  "canvas_depth": 1,
                  "width": 20,
                  "height": 23,
                  "canvas_left": 120,
                  "canvas_top": 139
                },
                {
                  "type": "item",
                  "item": "artifact6",
                  "canvas_depth": 2,
                  "width": 51,
                  "height": 55,
                  "canvas_left": 150,
                  "canvas_top": 31
                },
                {
                  "type": "item",
                  "item": "artifact7",
                  "canvas_depth": 0,
                  "width": 46,
                  "height": 41,
                  "canvas_left": 55,
                  "canvas_top": 155
                },
                {
                  "type": "item",
                  "item": "artifact8",
                  "canvas_depth": 1,
                  "width": 35,
                  "height": 28,
                  "canvas_left": 137,
                  "canvas_top": 118
                },
                {
                  "type": "item",
                  "item": "artifact9",
                  "canvas_depth": 1,
                  "width": 64,
                  "height": 67,
                  "canvas_left": 108,
                  "canvas_top": 166
                },
                {
                  "type": "item",
                  "item": "artifact10",
                  "canvas_depth": 0,
                  "width": 55,
                  "height": 83,
                  "canvas_left": 161,
                  "canvas_top": 88
                },
                {
                  "type": "item",
                  "item": "artifact11",
                  "canvas_depth": 0,
                  "width": 66,
                  "height": 58,
                  "canvas_left": 84,
                  "canvas_top": 0
                },
                {
                  "type": "item",
                  "item": "artifact12",
                  "canvas_depth": 0,
                  "width": 84,
                  "height": 130,
                  "canvas_left": 1,
                  "canvas_top": 26
                }
              ]
            },
            {
              "type": "array",
              "orientation": "vertical",
              "v_alignment": "center",
              "content": [
                {
                  "type": "item",
                  "item": "difficulty",
                  "h_alignment": "center"
                },
                {
                  "type": "item",
                  "item": "artifactcheck",
                  "h_alignment": "center",
                  "margin": "0,20,0,0"
                }
              ]
            }
          ]
        }
      ]
    },

    "settings": {
      "type": "array",
      "orientation": "vertical",
      "h_alignment": "center",
      "margin": "0,20,0,0",
      "content": [
        {
          "type": "item",
          "item": "normalsequencebreaks",
          "width": 490,
          "height": 25
        },
        {
          "type": "item",
          "item": "hardsequencebreaks",
          "width": 469,
          "height": 25
        },
        {
          "type": "item",
          "item": "acsetting",
          "margin": "0,10,0,0",
          "width": 263,
          "height": 24
        }
      ]
    },

    "tracker_capture_item": {
      "type": "array",
      "orientation": "horizontal",
      "margin": "0,0",
      "content": [
        {
          "type": "itemgrid",
          "item_margin": "2,2",
          "h_alignment": "left",
          "v_alignment": "center",
          "item_size": 48,
          "rows": [
            [ "charge", "super",       "morph",  "varia",       "missile" ],
            [ "wave",   "wavecombo",   "bomb",   "gravityitem", "etank" ],
            [ "ice",    "icecombo",    "boost",  "phazon",      "powerbomb" ],
            [ "plasma", "plasmacombo", "spider", "space",       "grapple" ]
          ]
        },
        {
          "type": "canvas",
          "margin": "10,0",
          "v_alignment": "center",
          "width": 220,
          "height": 234,
          "content": [
            {
              "type": "item",
              "item": "artifact1",
              "canvas_depth": 1,
              "width": 28,
              "height": 37,
              "canvas_left": 67,
              "canvas_top": 89
            },
            {
              "type": "item",
              "item": "artifact2",
              "canvas_depth": 1,
              "width": 37,
              "height": 37,
              "canvas_left": 130,
              "canvas_top": 75
            },
            {
              "type": "item",
              "item": "artifact3",
              "canvas_depth": 1,
              "width": 34,
              "height": 34,
              "canvas_left": 78,
              "canvas_top": 129
            },
            {
              "type": "item",
              "item": "artifact4",
              "canvas_depth": 1,
              "width": 35,
              "height": 38,
              "canvas_left": 90,
              "canvas_top": 56
            },
            {
              "type": "item",
              "item": "artifact5",
              "canvas_depth": 1,
              "width": 20,
              "height": 23,
              "canvas_left": 120,
              "canvas_top": 139
            },
            {
              "type": "item",
              "item": "artifact6",
              "canvas_depth": 2,
              "width": 51,
              "height": 55,
              "canvas_left": 150,
              "canvas_top": 31
            },
            {
              "type": "item",
              "item": "artifact7",
              "canvas_depth": 0,
              "width": 46,
              "height": 41,
              "canvas_left": 55,
              "canvas_top": 155
            },
            {
              "type": "item",
              "item": "artifact8",
              "canvas_depth": 1,
              "width": 35,
              "height": 28,
              "canvas_left": 137,
              "canvas_top": 118
            },
            {
              "type": "item",
              "item": "artifact9",
              "canvas_depth": 1,
              "width": 64,
              "height": 67,
              "canvas_left": 108,
              "canvas_top": 166
            },
            {
              "type": "item",
              "item": "artifact10",
              "canvas_depth": 0,
              "width": 55,
              "height": 83,
              "canvas_left": 161,
              "canvas_top": 88
            },
            {
              "type": "item",
              "item": "artifact11",
              "canvas_depth": 0,
              "width": 66,
              "height": 58,
              "canvas_left": 84,
              "canvas_top": 0
            },
            {
              "type": "item",
              "item": "artifact12",
              "canvas_depth": 0,
              "width": 84,
              "height": 130,
              "canvas_left": 1,
              "canvas_top": 26
            }
          ]
        }
      ]
    },

    "tracker_default": {
      "type": "container",
      "background": "#000000",
      "content": {
        "type": "dock",
        "dropshadow": true,
        "content": [
          {
            "type": "dock",
            "dock": "left",
            "v_alignment": "stretch",
            "content": [
              {
                "type": "group",
                "header": "Items",
                "dock": "top",
                "content": {
                  "type": "layout",
                  "key": "shared_item_grid"
                }
              },
              {
                "type": "group",
                "header": "Pinned Locations",
                "content": {
                  "type": "recentpins",
                  "style": "wrap",
                  "h_alignment": "stretch",
                  "v_alignment": "stretch",
                  "orientation": "vertical",
                  "compact": true
                }
              }
            ]
          },
          {
            "type": "tabbed",
            "tabs": [
              {
                "title": "Tallon Overworld",
                "icon": "images/icon_tallon.png",
                "content": {
                  "type": "map",
                  "maps": [
                    "tallonoverworld"
                  ]
                }
              },
              {
                "title": "Chozo Ruins",
                "icon": "images/icon_chozo.png",
                "content": {
                  "type": "map",
                  "maps": [
                    "chozoruins"
                  ]
                }
              },
              {
                "title": "Magmoor Caverns",
                "icon": "images/icon_magmoor.png",
                "content": {
                  "type": "map",
                  "maps": [
                    "magmoorcaverns"
                  ]
                }
              },
              {
                "title": "Phendrana Drifts",
                "icon": "images/icon_phendrana.png",
                "content": {
                  "type": "map",
                  "maps": [
                    "phendranadrifts"
                  ]
                }
              },
              {
                "title": "Phazon Mines",
                "icon": "images/icon_phazon.png",
                "content": {
                  "type": "map",
                  "maps": [
                    "phazonmines"
                  ]
                }
              },
              {
                "title": "Settings",
                "icon": "images/icon_settings.png",
                "content": {
                  "type": "layout",
                  "key": "settings"
                }
              }
            ]
          }
        ]
      }
    },
    "tracker_horizontal": {
      "type": "container",
      "background": "#000000",
      "content": {
        "type": "dock",
        "dropshadow": true,
        "content": [
          {
            "type": "dock",
            "dock": "bottom",
            "content": [
              {
                "type": "group",
                "header": "Items",
                "dock": "left",
                "margin": "0,0,3,0",
                "content": {
                  "type": "layout",
                  "h_alignment": "center",
                  "v_alignment": "center",
                  "key": "shared_item_grid"
                }
              },
              {
                "type": "group",
                "header": "Pinned Locations",
                "content": {
                  "type": "recentpins",
                  "style": "wrap",
                  "h_alignment": "stretch",
                  "v_alignment": "stretch",
                  "orientation": "horizontal",
                  "compact": true
                }
              }
            ]
          },
          {
            "type": "tabbed",
            "tabs": [
              {
                "title": "Tallon Overworld",
                "icon": "images/icon_tallon.png",
                "content": {
                  "type": "map",
                  "maps": [
                    "tallonoverworld"
                  ]
                }
              },
              {
                "title": "Chozo Ruins",
                "icon": "images/icon_chozo.png",
                "content": {
                  "type": "map",
                  "maps": [
                    "chozoruins"
                  ]
                }
              },
              {
                "title": "Magmoor Caverns",
                "icon": "images/icon_magmoor.png",
                "content": {
                  "type": "map",
                  "maps": [
                    "magmoorcaverns"
                  ]
                }
              },
              {
                "title": "Phendrana Drifts",
                "icon": "images/icon_phendrana.png",
                "content": {
                  "type": "map",
                  "maps": [
                    "phendranadrifts"
                  ]
                }
              },
              {
                "title": "Phazon Mines",
                "icon": "images/icon_phazon.png",
                "content": {
                  "type": "map",
                  "maps": [
                    "phazonmines"
                  ]
                }
              },
              {
                "title": "Settings",
                "icon": "images/icon_settings.png",
                "content": {
                  "type": "layout",
                  "key": "settings"
                }
              }
            ]
          }
        ]
      }
    }
  }
}
