[
  {
    "name": "can",
    "sections": [
      {
        "name": "bomb",
        "access_rules": [
          "morph,bomb"
        ],
        "item_count": 1
      },
      {
        "name": "pb",
        "access_rules": [
          "morph,pb"
        ],
        "item_count": 1
      },
      {
        "name": "bomb or pb",
        "access_rules": [
          "morph,bomb",
          "morph,pb"
        ],
        "item_count": 1
      },
      {
        "name": "super",
        "access_rules": [
          "missile,charge,super"
        ],
        "item_count": 1
      },
      {
        "name": "isg",
        "access_rules": [
          "morph,bomb,boost"
        ],
        "item_count": 1
      },
      {
        "name": "floaty",
        "access_rules": [
          "morph,bomb,missile,gravity"
        ],
        "item_count": 1
      }
    ]
  },
  {
    "name": "has",
    "sections": [
      {
        "name": "any suit",
        "access_rules": [
          "varia",
          "gravity",
          "phazon"
        ],
        "item_count": 1
      },
      {
        "name": "suit break",
        "access_rules": [
          "[varia]",
          "[gravity]",
          "[phazon]"
        ],
        "item_count": 1
      }
    ]
  },
  {
    "name": "reqs",
    "sections": [
      {
        "name": "phendrana",
        "access_rules": [
          // Global access
          "@can/bomb,missile,@has/any suit",

          // Hard access
          "[hard],sbh,@can/bomb,missile,etank:5,space"
        ],
        "item_count": 1
      },
      {
        "name": "phen backwards",
        "access_rules":[
          // Global access
          "missile,morph,wave,space,spider,@has/any suit",

          // Normal access
          "[normal],sbn,missile,morph,wave,space,@has/any suit",
          "[normal],sbn,missile,morph,wave,space,etank:2",

          // Hard access
          "[hard],sbh,missile,morph,wave,space,@has/any suit",
          "[hard],sbh,missile,morph,wave,space,etank:1",
          "[hard],sbh,missile,morph,wave,spider,@has/any suit",
          "[hard],sbh,missile,morph,wave,spider,etank:2"
        ],
        "item_count": 1
      },
      // Only used for hard/sequence breaks
      {
        "name": "mags thardus",
        "access_rules": [
          "missile,morph,wave,space,@has/any suit",
          "missile,morph,wave,space,etank:1",
          "missile,morph,wave,spider,boost,@has/any suit",
          "missile,morph,wave,spider,boost,etank:2"
        ],
        "item_count": 1
      },
      // Only used for hard/sequence breaks
      {
        "name": "mags frozenpike",
        "access_rules": [
          "missile,morph,wave,ice,space,@has/any suit",
          "missile,morph,wave,ice,space,etank:1",
          "missile,morph,wave,ice,spider,@has/any suit",
          "missile,morph,wave,ice,spider,etank:2"
        ],
        "item_count": 1
      },
      {
        "name": "mines from tallon",
        "access_rules": [
          // Global access
          "@can/bomb,missile,wave,ice,space,gravity,thermal",

          // Normal access
          "[normal],sbn,@can/bomb,missile,wave,ice,space",

          // Hard access
          "[hard],sbh,@can/bomb,missile,wave,ice"
        ],
        "item_count": 1
      },
      {
        "name": "mines from magmoor",
        "access_rules": [
          // Global access
          "@can/bomb,@can/pb,missile,wave,ice,space,spider,@has/any suit",

          // Hard access
          "[hard],sbh,@can/bomb,@can/pb,missile,wave,ice,space,@has/any suit",
          "[hard],sbh,@can/bomb,@can/pb,missile,wave,ice,space,etank:1"
        ],
        "item_count": 1
      },
      {
        "name": "frigate",
        "access_rules": [
          "@can/bomb,missile,space,gravity,wave,ice,thermal"
        ],
        "item_count": 1
      },
      {
        "name": "chozohote",
        "access_rules": [
          "@can/bomb,missile,spider,space,wave,boost",
          "@can/bomb,missile,spider,space,ice"
        ],
        "item_count": 1
      },
      {
        "name": "frigate break",
        "access_rules": [
          "@can/bomb,missile,ice,[space],[gravity],[wave],[thermal]"
        ],
        "item_count": 1
      },
      {
        "name": "chozohote break",
        "access_rules": [
          "@can/bomb,missile,[spider],[space],[wave],[boost]",
          "@can/bomb,missile,[spider],[space],[ice]"
        ],
        "item_count": 1
      }
    ]
  }
]