[
  {
    "name": "tallonoverworld",
    "location_size": 40,
    "location_border_thickness": 5,
    "img": "images/map_tallon.png"
  },
  {
    "name": "chozoruins",
    "location_size": 40,
    "location_border_thickness": 5,
    "img": "images/map_chozo.png"
  },
  {
    "name": "magmoorcaverns",
    "location_size": 40,
    "location_border_thickness": 5,
    "img": "images/map_magmoor.png"
  },
  {
    "name": "phendranadrifts",
    "location_size": 40,
    "location_border_thickness": 5,
    "img": "images/map_phendrana.png"
  },
  {
    "name": "phazonmines",
    "location_size": 40,
    "location_border_thickness": 5,
    "img": "images/map_phazon.png"
  }
]
